1;tiki_torch;A small, freestanding torch placed in a base;0;;;;;;
2;wood_door_1m_2m;An approximately 1m wide x 2m high openable wooden door;0;;;;;;
3;camping_lantern;A solar powered camping lantern.;0;;;;;;
5;camping_table;A foldable camping table;0;;;;;;
6;wood_punji_2m_2m;Wood 2m x 2m punji sticks;0;;;;;;
7;wood_punji_poison_2m_2m;Wood 2m x 2m punji sticks with poison;0;;;;;;
8;camping_chair;A foldable canvas camping chair;0;;;;;;
9;camping_pop_up_canopy;A pop up canopy for camping;0;;;;;;
10;wood_roof_1_3m_2m;Wood 1.3m wide x 2m long roof;0;;;;;;
11;gnome_bronze;A collectable bronze gnome.;0;;;;;;
12;wood_target;Practice your aim with this wooden target.;0;;;;;;
13;animated_search_light;An animated search list for a base;0;;;;;;
14;wood_toilet;Wooden Mongolian squat toilet.;0;;;;;;
15;rug_wolf_pelt;A rug made from a wolf pelt.;0;;;;;;
16;wood_walkstairs_3m_4m_4m;Wood 3m high x 4m wide x 4m long platform with stairs;0;;;;;;
17;wood_stairs_0m_1_3m_1m;Wood 0 to 1.3m high x 1m wide x 3m long stairs;0;;;;;;
18;wood_stairs_0m_1_3m_3m;Wood 0 to 1.3m high x 3m wide x 3m long stairs;0;;;;;;
19;wood_stairs_0m_2m_1m;Wood 0 to 2m high x 1m wide x 3m long stairs;0;;;;;;
20;wood_ramp_0m_1_3m_1m;Wood 0 to 1.3m high x 1m wide x 3m long ramp;0;;;;;;
21;wood_stairs_0m_2m_3m;Wood 0 to 2m high x 3m wide x 3m long stairs;0;;;;;;
22;wood_ramp_0m_1_3m_3m;Wood 0 to 1.3m high x 3m wide x 3m long ramp;0;;;;;;
23;wood_ramp_1_3m_3m_1m;Wood 1.3 to 3m high x 1m wide x 3m long ramp;0;;;;;;
24;wood_stairs_1_3m_2m_1m;Wood 1.3 to 2m high x 1m wide x 3m long stairs;0;;;;;;
25;wood_ramp_1_3m_3m_3m;Wood 1.3 to 3m high x 3m wide x 3m long ramp;0;;;;;;
26;wood_walkway_1_3m_1m_1m;Wood 1.3m high x 1m wide x 1m long platform;0;;;;;;
27;wood_stairs_1_3m_2m_3m;Wood 1.3 to 2m high x 3m wide x 3m long stairs;0;;;;;;
28;wood_stairs_1_3m_3m_1m;Wood 1.3 to 3m high x 1m wide x 3m long stairs;0;;;;;;
29;wood_walkway_1_3m_3m_1m;Wood 1.3m high x 3m long x 1m wide platform;0;;;;;;
30;wood_stairs_1_3m_3m_3m;Wood 1.3 to 3m high x 3m wide x 3m long stairs;0;;;;;;
31;wood_walkway_1_3m_4m_4m;Wood 1.3m high x 4m wide x 4m long platform;0;;;;;;
32;wood_walkway_2m_1m_1m;Wood 2m high x 1m wide x 1m long platform;0;;;;;;
33;wood_stairs_2m_3m_1m;Wood 2 to 3m high x 1m wide x 3m long stairs;0;;;;;;
34;wood_stairs_2m_3m_3m;Wood 2 to 3m high x 3m wide x 3m long stairs;0;;;;;;
35;wood_walkway_2m_3m_1m;Wood 2m high x 3m long x 1m wide platform;0;;;;;;
36;wood_column_1_3m;Wood 1.3m High Column;0;;;;;;
37;wood_walkway_2m_4m_4m;Wood 2m high x 4m wide x 4m long platform;0;;;;;;
38;wood_walkway_3m_1m_1m;Wood 3m high x 1m wide x 1m long platform;0;;;;;;
39;wood_column_2m;Wood 2m High Column;0;;;;;;
40;wood_column_3m;Wood 3m High Column;0;;;;;;
41;wood_walkway_3m_3m_1m;Wood 3m high x 3m long x 1m wide platform;0;;;;;;
42;wood_column_4m;Wood 4m High Column;0;;;;;;
43;wood_walkway_3m_4m_4m;Wood 3m high x 4m wide x 4m long platform;0;;;;;;
44;wood_wall_1_3m_1m;Wood 1.3m high x 1m long wall;0;;;;;;
45;wood_wall_1_3m_2m;Wood 1.3m high x 2m long wall;0;;;;;;
46;wood_wall_1_3m_4m;Wood 1.3m high x 4m long wall;0;;;;;;
47;wood_wall_2m_1m;Wood 2m high x 1m long wall;0;;;;;;
48;wood_wall_2m_2m;Wood 2m high x 2m long wall;0;;;;;;
49;wood_wall_2m_4m;Wood 2m high x 4m long wall;0;;;;;;
50;wood_wall_3m_1m;Wood 3m high x 1m long wall;0;;;;;;
51;wood_wall_3m_2m;Wood 3m high x 2m long wall;0;;;;;;
52;wood_wall_3m_4m;Wood 3m high x 4m long wall;0;;;;;;
53;wood_wall_door_3m_4m;Wood 3m high x 4m long wall with door opening;0;;;;;;
54;wood_wall_window_3m_2m;Wood 3m high x 2m long wall with window opening;0;;;;;;
55;wood_wall_window_3m_4m;Wood 3m high x 4m long wall with window opening;0;;;;;;
56;wood_ramp_0m_2m_1m;Wood 0 to 2m high x 1m wide x 3m long ramp;0;;;;;;
57;sandbag_crafted_1_3m_3m_window;A 1.3m high x 3m long sand bag wall with window;0;;;;;;
58;wood_ramp_0m_2m_3m;Wood 0 to 2m high x 3m wide x 3m long ramp;0;;;;;;
59;wood_ramp_1_3m_2m_1m;Wood 1.3 to 2m high x 1m wide x 3m long ramp;0;;;;;;
60;wood_column_torch_1_3m;Wood Torch 1.3m High Column;0;;;;;;
61;wood_ramp_1_3m_2m_3m;Wood 1.3 to 2m high x 3m wide x 3m long ramp;0;;;;;;
62;wood_ramp_2m_3m_1m;Wood 2 to 3m high x 1m wide x 3m long ramp;0;;;;;;
63;wood_column_torch_2m;Wood Torch 2m High Column;0;;;;;;
64;wood_ramp_2m_3m_3m;Wood 2 to 3m high x 3m wide x 3m long ramp;0;;;;;;
65;wood_wall_door_curve_3m_4m;Wood 3m high x 4m long curved wall with door opening;0;;;;;;
66;wood_wall_window_curve_3m_4m;Wood 3m high x 4m long curved wall with window opening;0;;;;;;
67;wood_wall_curve_3m_4m;Wood 3m high x 4m long curved wall;0;;;;;;
68;wood_walkway_curve_3m_4m_4m;Wood 3m high x 4m wide x 4m long curved platform;0;;;;;;
69;wood_watchtower;Wood 9m Watchtower;0;;;;;;
70;wood_chair;A regular wooden chair;0;;;;;;
71;wood_table;A wooden table for a base;0;;;;;;
72;wood_column_torch_3m;Wood Torch 3m High Column;0;;;;;;
73;wood_walkway_curve_2m_4m_4m;Wood 2m high x 4m wide x 4m long curved platform;0;;;;;;
74;wood_walkway_curve_1_3m_4m_4m;Wood 1.3m high x 4m wide x 4m long curved platform;0;;;;;;
75;wood_wall_curve_2m_4m;Wood 2m high x 4m long curved wall;0;;;;;;
76;wood_wall_curve_1_3m_4m;Wood 1.3m high x 4m long curved wall;0;;;;;;
77;wood_column_torch_4m;Wood Torch 4m High Column;0;;;;;;
78;tire_single;A single tire;0;;;;;;
79;tire_1m;A roughly 1m high stack of tires;0;;;;;;
80;tire_1_3m;A roughly 1.3m high stack of tires;0;;;;;;
81;tire_2m;A roughly 2m high stack of tires;0;;;;;;
82;tire_3m;A roughly 3m high stack of tires;0;;;;;;
83;tire_4m;A roughly 4m high stack of tires;0;;;;;;
84;wood_walkroof_3m_4m_4m;Wood 3m high x 4m wide x 4m long angled roof;0;;;;;;
85;wood_crate_small_packed;A small wooden crate used for storage;0;;;;;;
86;wood_crate_large_packed;A large wooden crate used for storage;0;;;;;;
87;wood_palisade_3m;3m long wood palisade to damage players;0;;;;;;
88;wood_door_lockable_1m_2m;An approximately 1m wide x 2m high lockable wooden door;0;;;;;;
89;wood_bridge_3m_6m;Wood 3m high x 6m long bridge;0;;;;;;
90;wood_bridge_3m_12m;Wood 3m high x 12m long bridge;0;;;;;;
91;wood_bridge_6m_6m;Wood 6m high x 6m long bridge;0;;;;;;
92;wood_bridge_6m_12m;Wood 6m high x 12m long bridge;0;;;;;;
93;wood_bridge_9m_6m;Wood 9m high x 6m long bridge;0;;;;;;
94;wood_bridge_9m_12m;Wood 9m high x 12m long bridge;0;;;;;;
95;wood_gallows;Large Wooden Gallows;0;;;;;;
96;wood_roof_1_3m_4m;Wood 1.3m wide x 4m long roof;0;;;;;;
97;wood_bed;A bed to be placed in a base;0;;;;;;
98;wood_gatehouse;A 3m high x 8m long wooden gatehouse;0;;;;;;
99;wood_gate_lockable_3m_4m;A 3m high x 4m long lockable wooden gate;0;;;;;;
100;sandbag_crafted_1m_1m;A 1m high x 1m long sand bag wall;0;;;;;;
101;sandbag_crafted_1m_3m;A 1m high x 3m long sand bag wall;0;;;;;;
102;sandbag_crafted_1_3m_1m;A 1.3m high x 1m long sand bag wall;0;;;;;;
103;sandbag_crafted_1_3m_3m;A 1.3m high x 3m long sand bag wall;0;;;;;;
104;powered_generator_small;Placeable Generator;0;;;;;;
105;powered_generator_small_solar;;0;;;;;;
106;powered_work_light;An upright work light that needs power to operate;0;;;;;;
107;sandbag_crafted_single;A single sandbag;0;;;;;;
108;metal_barbed_wire_2m;2m long barbed wire barrier to damage players;0;;;;;;
109;metal_barbed_wire_4m;4m long barbed wire barrier to damage players;0;;;;;;
110;wood_walkway_0m_4m_4m;Wood 0m high x 4m wide x 4m long platform;0;;;;;;
111;small_leanto;A small leanto made out of tarps.;0;;;;;;
112;small_shelter_wall_1m_1_3m;Wood 1.3m high x 1m long shelter wall;0;;;;;;
113;small_shelter_wall_1m_2m;Wood 2m high x 1m long shelter wall;0;;;;;;
114;small_shelter_wall_2m_1_3m;Wood 1.3m high x 2m long shelter wall;0;;;;;;
115;small_shelter_wall_2m_2m;Wood 2m high x 2m long shelter wall;0;;;;;;
116;small_shelter_wall_4m_1_3m;Wood 1.3m high x 4m long shelter wall;0;;;;;;
117;small_shelter_wall_4m_2m;Wood 2m high x 4m long shelter wall;0;;;;;;
118;small_leanto_camo;A small leanto made out of camo netting.;0;;;;;;
119;small_shelter_wall_1m_2m_camo;Camo Net 2m high x 1m long shelter wall;0;;;;;;
120;small_shelter_wall_1m_1_3m_camo;Camo Net 1.3m high x 1m long shelter wall;0;;;;;;
121;small_shelter_wall_2m_1_3m_camo;Camo Net 1.3m high x 2m long shelter wall;0;;;;;;
122;small_shelter_wall_2m_2m_camo;Camo Net 2m high x 2m long shelter wall;0;;;;;;
123;small_shelter_wall_4m_1_3m_camo;Camo Net 1.3m high x 4m long shelter wall;0;;;;;;
124;small_shelter_wall_4m_2m_camo;Camo Net 2m high x 4m long shelter wall;0;;;;;;
125;log_furniture_bench_a;A bench made out of old logs.;0;;;;;;
126;log_furniture_bench_b;A bench made out of old logs.;0;;;;;;
127;log_furniture_bench_c;A bench made out of old logs.;0;;;;;;
128;log_furniture_table_a;A small table made out of old logs;0;;;;;;
129;gnome_silver;A collectable silver gnome.;0;;;;;;
130;gnome_gold;A collectable golden gnome.;0;;;;;;
131;wood_coffeetable;A small wooden coffee table for a base.;0;;;;;;
132;sandbag_crafted_1m_3m_window;A 1m high x 3m long sand bag wall with window;0;;;;;;
133;gnome_standard_a;A collectable garden gnome.;0;;;;;;
134;gnome_standard_b;A collectable garden gnome.;0;;;;;;
135;gnome_standard_c;A collectable garden gnome.;0;;;;;;
136;candle_animal_fat_small;A small candle made from animal fat and rope.;0;;;;;;
137;candle_animal_fat_large;A large candle made from animal fat and rope.;0;;;;;;
138;gnome_creep;A collectable creepy gnome.;0;;;;;;
139;powered_work_light_blue;An upright work light that needs power to operate;0;;;;;;
140;powered_work_light_green;An upright work light that needs power to operate;0;;;;;;
141;powered_work_light_pink;An upright work light that needs power to operate;0;;;;;;
142;powered_work_light_red;An upright work light that needs power to operate;0;;;;;;
143;powered_work_light_yellow;An upright work light that needs power to operate;0;;;;;;
144;wood_stairs_0m_1_3m_1_2m_1_6m;Wood 0 to 1.3m high x 1.2m wide x 1.6m long stairs;0;;;;;;
145;wood_stairs_0m_1_3m_4m_1_6m;Wood 0 to 1.3m high x 4m wide x 1.6m long stairs;0;;;;;;
146;jack_o_lantern;A placeable jack-o-lantern.;0;;;;;;
147;wood_roof_2m_1m;Wood 2m wide x 1m long roof;0;;;;;;
148;rug_bear_pelt;A rug made from a bear pelt.;0;;;;;;
149;wood_roof_2m_2m;Wood 2m wide x 2m long roof;0;;;;;;
150;wood_roof_2m_4m;Wood 2m wide x 4m long roof;0;;;;;;
151;wood_roof_3m_1m;Wood 3m wide x 1m long roof;0;;;;;;
152;wood_roof_3m_2m;Wood 3m wide x 2m long roof;0;;;;;;
153;wood_roof_3m_4m;Wood 3m wide x 4m long roof;0;;;;;;
154;wood_roof_murderhole_3m_2m;Wood 3m wide x 2m long roof with murderhole;0;;;;;;
155;wood_roof_murderhole_3m_4m;Wood 3m wide x 4m long roof with murder hole;0;;;;;;
156;wood_roof_trapdoor_3m_4m;Wood 3m wide x 4m long roof with trapdoor opening;0;;;;;;
157;wood_trapdoor_lockable_1m_2m;An approximately 1m wide x 2m high lockable wooden trapdoor;0;;;;;;
158;wood_roof_1_3m_1m;Wood 1.3m wide x 1m long roof;0;;;;;;
159;wood_watchtower_tire;Wood 9m Watchtower with tires for extra protection.;0;;;;;;
160;stick_scaffolding_1m;1m tall stick scaffolding. Easily destroyed but sturdy.;0;;;;;;
161;stick_scaffolding_1_3m;1.3m tall stick scaffolding. Easily destroyed but sturdy.;0;;;;;;
162;stick_scaffolding_2m;2m tall stick scaffolding. Easily destroyed but sturdy.;0;;;;;;
163;stick_scaffolding_3m;3m tall stick scaffolding. Easily destroyed but sturdy.;0;;;;;;
164;stick_scaffolding_4m;4m tall stick scaffolding. Easily destroyed but sturdy.;0;;;;;;
165;dws_explosive_barrel;;0;;;;;;
166;powered_electrical_box_small;;0;;;;;;
167;powered_light_switch;;0;;;;;;
168;dws_firepit_outdoors_2;;0;;;;;;
169;powered_electrical_box_medium;;0;;;;;;
173;planter_box;A planter box used in farming;0;;;;;;
174;dws_MetalDoor_Matt;;0;;;;;;
175;dws_MetalDoor_Matt_left;;0;;;;;;
176;dws_Clean_Door_Mesh;;0;;;;;;
177;dws_Flat_Blue_LargeWindow;;0;;;;;;
178;dws_Flat_Blue_LargeWindow_Right;;0;;;;;;
179;dws_Flat_Blue_longWindow;;0;;;;;;
180;dws_Flat_Blue_longWindow_Right;;0;;;;;;
181;dws_warehouse_door_KickPlates_blue;;0;;;;;;
182;dws_warehouse_door_KickPlates_blue_Right;;0;;;;;;
183;dws_warehouse_door_Vent_blue;;0;;;;;;
184;dws_FlatWhite_Door;;0;;;;;;
185;dws_FlatWhite_Door_right;;0;;;;;;
186;dws_OldPainted_WhiteDoor;;0;;;;;;
187;dws_OldPainted_WhiteDoor_left;;0;;;;;;
188;dws_celldoor;;0;;;;;;
189;dws_darkwood_door1;;0;;;;;;
190;dws_darkwood_door_left;;0;;;;;;
191;dws_front_door_01;;0;;;;;;
192;dws_front_door_01_right;;0;;;;;;
193;dws_shipping_Container_LeftDoor;;0;;;;;;
194;dws_shipping_Container_RightDoor;;0;;;;;;
195;dws_cubicles_door;;0;;;;;;
196;dws_cubicles_door_right;;0;;;;;;
197;dws_outhouse_door;;0;;;;;;
198;dws_outhouse_door_right;;0;;;;;;
199;dws_entrance_door;;0;;;;;;
200;dws_entrance_door_right;;0;;;;;;
201;dws_int_door;;0;;;;;;
202;dws_int_door_left;;0;;;;;;
203;dws_Fridge_old_Doors;;0;;;;;;
204;dws_Fridge_old_Doors_left;;0;;;;;;
205;dws_fridge_Ldoor;;0;;;;;;
206;dws_fridge_Rdoor;;0;;;;;;
207;dws_gasstationdoors;;0;;;;;;
208;dws_jawboat_door;;0;;;;;;
209;dws_jawboat_door_right;;0;;;;;;
210;dws_office_cabin_door;;0;;;;;;
211;dws_office_cabin_door_left;;0;;;;;;
212;dws_lockerDoor;;0;;;;;;
213;dws_safe_door;;0;;;;;;
214;dws_Church_MainDoors_Left;;0;;;;;;
215;dws_Church_MainDoors_Right;;0;;;;;;
216;dws_hotel_door2_left;;0;;;;;;
217;dws_hotel_door2_right;;0;;;;;;
218;dws_hotel_door_Right;;0;;;;;;
219;dws_hotel_door_left;;0;;;;;;
220;dws_hotel_inside_door;;0;;;;;;
221;dws_3_Room_Singlestory_BackDoor;;0;;;;;;
222;dws_3_Room_Singlestory_FrontDoor;;0;;;;;;
223;dws_TLH_FrontDoor;;0;;;;;;
224;dws_mobilehome_door;;0;;;;;;
225;dws_mobilehome_door_left;;0;;;;;;
226;dws_modern_family_door;;0;;;;;;
227;dws_modern_family_inside_door;;0;;;;;;
228;dws_modern_family_inside_door_right;;0;;;;;;
229;dws_24store_door;;0;;;;;;
230;dws_24store_door_left;;0;;;;;;
231;dws_corner_door;;0;;;;;;
232;dws_flatbed_trailer_container_doorleft;;0;;;;;;
233;dws_flatbed_trailer_container_doorright;;0;;;;;;
234;dws_garage_door;;0;;;;;;
236;hesco_barrier;A 1.3m high x 1m sand barrier;0;;;;;;
237;powered_ceiling_light_c;;0;;;;;;
238;dws_hotel_insidedoor_left;;0;;;;;;
239;dws_fire_extinguisher;;0;;;;;;
240;dws_acid_barrel;;0;;;;;;
241;dws_warehouse_door_small;;0;;;;;;
242;dws_warehouse1_door_big;;0;;;;;;
243;dws_candle_animal_fat_large;;0;;;;;;
244;dws_blind_door;;0;;;;;;
245;powered_oven;;0;;;;;;
246;powered_microwave;;0;;;;;;
247;dws_farm_gate;;0;;;;;;
248;dws_grill_base;;0;;;;;;
249;dws_grill_lid;;0;;;;;;
250;dws_grill2;A barbeque grill that can be used to cook on. Can be placed in a base.;0;;;;;;
251;dws_dumpster_lid;;0;;;;;;
252;dws_firepit_outdoors_1;;0;;;;;;
253;powered_floodlight01;;0;;;;;;
254;dws_blind_window_front;;0;;;;;;
255;dws_blind_window_side;;0;;;;;;
256;water_barrel;A barrel used to hold fluids. 200L capacity.;0;;;;;;
257;water_collector;A water collector used to capture rain water. 200L capacity.;0;;;;;;
258;water_purifier;A water purifier. Needs an empty propane tank and wood to work.;0;;;;;;
259;powered_wall_lamp;;0;;;;;;
260;propane_heater;A propane heater that will help warm you up.;0;;;;;;
261;wood_ramp_wall_0m_1_3m_3m;Wood 0m-1.3m-3m Ramp Wall;0;;;;;;
262;wood_ramp_wall_0m_2m_3m;Wood 0m-2m-3m Ramp Wall;0;;;;;;
263;wood_ramp_wall_2m_3m_1m;Wood 2m-3m-1m Ramp Wall;0;;;;;;
264;wood_ramp_wall_1_3m_2m_3m;Wood 3m-2m-3m Ramp Wall;0;;;;;;
265;wood_ramp_wall_1_3m_3m_3m;Wood 3m-3m-3m Ramp Wall;0;;;;;;
266;wood_wall_shutter_3m_2m;Base part;0;;;;;;
267;wood_shutter_1_6m_0_9m;Base part;0;;;;;;
268;wood_wall_shutter_3m_4m;Base part;0;;;;;;
269;dws_cabinStove;;0;;;;;;
270;dws_hospital_door;;0;;;;;;
271 - 1000;Reserverd for Offical Use;;0;;;;;;
1002;plated_door_1m_2m;An approximately 1m wide x 2m high openable Plated door;0;;;;;;
1010;plated_roof_1_3m_2m;Plated 1.3m wide x 2m long roof;0;;;;;;
1016;plated_walkstairs_3m_4m_4m;Plated 3m high x 4m wide x 4m long platform with stairs;0;;;;;;
1020;plated_ramp_0m_1_3m_1m;Plated 0 to 1.3m high x 1m wide x 3m long ramp;0;;;;;;
1022;plated_ramp_0m_1_3m_3m;Plated 0 to 1.3m high x 3m wide x 3m long ramp;0;;;;;;
1023;plated_ramp_1_3m_3m_1m;Plated 1.3 to 3m high x 1m wide x 3m long ramp;0;;;;;;
1025;plated_ramp_1_3m_3m_3m;Plated 1.3 to 3m high x 3m wide x 3m long ramp;0;;;;;;
1026;plated_walkway_1_3m_1m_1m;Plated 1.3m high x 1m wide x 1m long platform;0;;;;;;
1029;plated_walkway_1_3m_3m_1m;Plated 1.3m high x 3m long x 1m wide platform;0;;;;;;
1031;plated_walkway_1_3m_4m_4m;Plated 1.3m high x 4m wide x 4m long platform;0;;;;;;
1032;plated_walkway_2m_1m_1m;Plated 2m high x 1m wide x 1m long platform;0;;;;;;
1035;plated_walkway_2m_3m_1m;Plated 2m high x 3m long x 1m wide platform;0;;;;;;
1036;plated_column_1_3m;Plated 1.3m Column;0;;;;;;
1037;plated_walkway_2m_4m_4m;Plated 2m high x 4m wide x 4m long platform;0;;;;;;
1038;plated_walkway_3m_1m_1m;Plated 3m high x 1m wide x 1m long platform;0;;;;;;
1039;plated_column_2m;Plated 2m Column;0;;;;;;
1040;plated_column_3m;Plated 3m Column;0;;;;;;
1041;plated_walkway_3m_3m_1m;Plated 3m high x 3m long x 1m wide platform;0;;;;;;
1042;plated_column_4m;Plated 4m Column;0;;;;;;
1043;plated_walkway_3m_4m_4m;Plated 3m high x 4m wide x 4m long platform;0;;;;;;
1044;plated_wall_1_3m_1m;Plated 1.3m high x 1m long wall;0;;;;;;
1045;plated_wall_1_3m_2m;Plated 1.3m high x 2m long wall;0;;;;;;
1046;plated_wall_1_3m_4m;Plated 1.3m high x 4m long wall;0;;;;;;
1047;plated_wall_2m_1m;Plated 2m high x 1m long wall;0;;;;;;
1048;plated_wall_2m_2m;Plated 2m high x 2m long wall;0;;;;;;
1049;plated_wall_2m_4m;Plated 2m high x 4m long wall;0;;;;;;
1050;plated_wall_3m_1m;Plated 3m high x 1m long wall;0;;;;;;
1051;plated_wall_3m_2m;Plated 3m high x 2m long wall;0;;;;;;
1052;plated_wall_3m_4m;Plated 3m high x 4m long wall;0;;;;;;
1053;plated_wall_door_3m_4m;Plated 3m high x 4m long wall with door opening;0;;;;;;
1054;plated_wall_window_3m_2m;Plated 3m high x 2m long wall with window opening;0;;;;;;
1055;plated_wall_window_3m_4m;Plated 3m high x 4m long wall with window opening;0;;;;;;
1056;plated_ramp_0m_2m_1m;Plated 0 to 2m high x 1m wide x 3m long ramp;0;;;;;;
1058;plated_ramp_0m_2m_3m;Plated 0 to 2m high x 3m wide x 3m long ramp;0;;;;;;
1059;plated_ramp_1_3m_2m_1m;Plated 1.3 to 2m high x 1m wide x 3m long ramp;0;;;;;;
1060;plated_column_torch_1_3m;Plated Torch 1.3m High Column;0;;;;;;
1061;plated_ramp_1_3m_2m_3m;Plated 1.3 to 2m high x 3m wide x 3m long ramp;0;;;;;;
1062;plated_ramp_2m_3m_1m;Plated 2 to 3m high x 1m wide x 3m long ramp;0;;;;;;
1063;plated_column_torch_2m;Plated Torch 2m High Column;0;;;;;;
1064;plated_ramp_2m_3m_3m;Plated 2 to 3m high x 3m wide x 3m long ramp;0;;;;;;
1065;plated_wall_door_curve_3m_4m;Plated 3m high x 4m long curved wall with door opening;0;;;;;;
1066;plated_wall_window_curve_3m_4m;Plated 3m high x 4m long curved wall with window opening;0;;;;;;
1067;plated_wall_curve_3m_4m;Plated 3m high x 4m long curved wall;0;;;;;;
1068;plated_walkway_curve_3m_4m_4m;Plated 3m high x 4m wide x 4m long curved platform;0;;;;;;
1069;plated_watchtower;Plated 9m Watchtower;0;;;;;;
1072;plated_column_torch_3m;Plated Torch 3m High Column;0;;;;;;
1073;plated_walkway_curve_2m_4m_4m;Plated 2m high x 4m wide x 4m long curved platform;0;;;;;;
1074;plated_walkway_curve_1_3m_4m_4m;Plated 1.3m high x 4m wide x 4m long curved platform;0;;;;;;
1075;plated_wall_curve_2m_4m;Plated 2m high x 4m long curved wall;0;;;;;;
1076;plated_wall_curve_1_3m_4m;Plated 1.3m high x 4m long curved wall;0;;;;;;
1077;plated_column_torch_4m;Plated Torch 4m High Column;0;;;;;;
1084;plated_walkroof_3m_4m_4m;Plated 3m high x 4m wide x 4m long angled roof;0;;;;;;
1088;plated_door_lockable_1m_2m;An approximately 1m wide x 2m high lockable Plated door;0;;;;;;
1089;plated_bridge_3m_6m;Plated 3m high x 6m long bridge;0;;;;;;
1090;plated_bridge_3m_12m;Plated 3m high x 12m long bridge;0;;;;;;
1091;plated_bridge_6m_6m;Plated 6m high x 6m long bridge;0;;;;;;
1092;plated_bridge_6m_12m;Plated 6m high x 12m long bridge;0;;;;;;
1093;plated_bridge_9m_6m;Plated 9m high x 6m long bridge;0;;;;;;
1094;plated_bridge_9m_12m;Plated 9m high x 12m long bridge;0;;;;;;
1096;plated_roof_1_3m_4m;Plated 1.3m wide x 4m long roof;0;;;;;;
1098;plated_gatehouse;A 3m high x 8m long Plated gatehouse;0;;;;;;
1099;plated_gate_lockable_3m_4m;A 3m high x 4m long lockable Plated gate;0;;;;;;
1110;plated_walkway_0m_4m_4m;Plated 0m high x 4m wide x 4m long platform;0;;;;;;
1147;plated_roof_2m_1m;Plated 2m wide x 1m long roof;0;;;;;;
1149;plated_roof_2m_2m;Plated 2m wide x 2m long roof;0;;;;;;
1150;plated_roof_2m_4m;Plated 2m wide x 4m long roof;0;;;;;;
1151;plated_roof_3m_1m;Plated 3m wide x 1m long roof;0;;;;;;
1152;plated_roof_3m_2m;Plated 3m wide x 2m long roof;0;;;;;;
1153;plated_roof_3m_4m;Plated 3m wide x 4m long roof;0;;;;;;
1154;plated_roof_murderhole_3m_2m;Plated 3m wide x 2m long roof with murderhole;0;;;;;;
1155;plated_roof_murderhole_3m_4m;Plated 3m wide x 4m long roof with murder hole;0;;;;;;
1156;plated_roof_trapdoor_3m_4m;Plated 3m wide x 4m long roof with trapdoor opening;0;;;;;;
1157;plated_trapdoor_lockable_1m_2m;An approximately 1m wide x 2m high lockable plated trapdoor;0;;;;;;
1158;plated_roof_1_3m_1m;Plated 1.3m wide x 1m long roof;0;;;;;;
1159;plated_watchtower_tire;Plated 9m Watchtower with tires for extra protection.;0;;;;;;
1261;plated_ramp_wall_0m_1_3m_3m;Plated 0m-1.3m-3m Ramp Wall;0;;;;;;
1262;plated_ramp_wall_0m_2m_3m;Plated 0m-2m-3m Ramp Wall;0;;;;;;
1263;plated_ramp_wall_2m_3m_1m;Plated 2m-3m-1m Ramp Wall;0;;;;;;
1264;plated_ramp_wall_1_3m_2m_3m;Plated 3m-2m-3m Ramp Wall;0;;;;;;
1265;plated_ramp_wall_1_3m_3m_3m;Plated 3m-3m-3m Ramp Wall;0;;;;;;
1266;plated_wall_shutter_3m_2m;Base part;0;;;;;;
1267;plated_shutter_1_6m_0_9m;Base part;0;;;;;;
1268;plated_wall_shutter_3m_4m;Base part;0;;;;;;
2045;metal_wall_1_3m_2m;Metal 1.3m high x 2m long wall;0;;;;;;
2046;metal_wall_1_3m_4m;Metal 1.3m high x 4m long wall;0;;;;;;
2048;metal_wall_2m_2m;Metal 2m high x 2m long wall;0;;;;;;
2049;metal_wall_2m_4m;Metal 2m high x 4m long wall;0;;;;;;
2051;metal_wall_3m_2m;Metal 3m high x 2m long wall;0;;;;;;
2052;metal_wall_3m_4m;Metal 3m high x 4m long wall;0;;;;;;
2053;metal_wall_door_3m_4m;Metal 3m high x 4m long wall with door opening;0;;;;;;
2054;metal_wall_window_3m_2m;Plated 3m high x 2m long wall with window opening;0;;;;;;
2055;metal_wall_window_3m_4m;Plated 3m high x 4m long wall with window opening;0;;;;;;
2056;metal_aframe_3m_4m;3x4 A-Frame Window;0;;;;;;
2088;metal_door_lockable_1m_2m;A heavy duty metal door;0;;;;;;
2098;metal_gatehouse_4m_8m;A 4m high x 8m long metal gatehouse;0;;;;;;
2099;metal_gate_lockable_3m_5_4m;A 3m high x 5.4m long lockable metal gate;0;;;;;;
2500;gnome_giant_c;;0;;;;;;
2998;metal_steam_stand;An Almagamted Kiosk that can be placed in a base;0;;;;;;
2999;christmas_tree;;0;;;;;;
3000-5099;Reserved For Official Use;;0;;;;;;
5100-5149;Reserved for M3nT4L;Mods in Progress;;;;;;;
5150-5198;Reserved for TheeMan;https://steamcommunity.com/sharedfiles/filedetails/?id=2470294392;;;;;;;
5199;Reserved alien_Storage_Crate_packed;alien Storage Crate;;TonyBear;;;;;
5200-5300;Reserved for OIRP base building mod;OIRP Base building mod;;;;;;;
5301;airdrop_storage_crate_packed;Airdrop Storage Crate;Stoutman's Airdrop Storage Crates;Stoutman;;;;;
;;;Mod ID: 1780492462;;;;;;
5302;mailbox_storage_packed;Mailbox Storage;Stoutman's Towables;Stoutman;;;;;
;;;Mod ID: 1783333318;;;;;;
5303;umbrella_open_tow_packed;Open Umbrella;Stoutman's Towables;Stoutman;;;;;
;;;Mod ID: 1783333318;;;;;;
5304;iron_sons_storage_crate_packed;Iron Sons Storage Crate;Stoutman's Towables;Stoutman;;;;;
;;;Mod ID: 1783333318;;;;;;
5305;electric_stove_storage_packed;Electric Stove Storage;Stoutman's Towables;Stoutman;;;;;
;;;Mod ID: 1783333318;;;;;;
5306;barrel_storage_packed;Barrel Storage;Stoutman's Towables;Stoutman;;;;;
;;;Mod ID: 1783333318;;;;;;
5307;hospital_bed_tow_packed;Hospital Bed;Stoutman's Towables;Stoutman;;;;;
;;;Mod ID: 1783333318;;;;;;
5308;atm_storage_packed;ATM Storage;Stoutman's Towables;Stoutman;;;;;
;;;Mod ID: 1783333318;;;;;;
5309;firehydrant_tow_packed;Fire Hydrant;Stoutman's Towables;Stoutman;;;;;
;;;Mod ID: 1783333318;;;;;;
5310;oil_rack_storage_packed;Oil Rack Storage;Stoutman's Towables;Stoutman;;;;;
;;;Mod ID: 1783333318;;;;;;
5311;oil_tank_tow_packed;Oil Tank;Stoutman's Towables;Stoutman;;;;;
;;;Mod ID: 1783333318;;;;;;
5312;payphone_tow_packed;Pay Phone;Stoutman's Towables;Stoutman;;;;;
;;;Mod ID: 1783333318;;;;;;
5313;toilet_tow_packed;Toilet;Stoutman's Towables;Stoutman;;;;;
;;;Mod ID: 1783333318;;;;;;
5314;hospital_standingcurtain_tow_packed;Hospital Standing Curtain;Stoutman's Towables;Stoutman;;;;;
;;;Mod ID: 1783333318;;;;;;
5315;decontam_shower_tow_packed;Decontamination Shower;Stoutman's Towables;Stoutman;;;;;
;;;Mod ID: 1783333318;;;;;;
5316;bodybag_tow_packed;Bodybag;Stoutman's Towables;Stoutman;;;;;
;;;Mod ID: 1783333318;;;;;;
5317;trashcan_tow_packed;Trashcan Storage;Stoutman's Towables;Stoutman;;;;;
;;;Mod ID: 1783333318;;;;;;
5318;whiteboard_tow_packed;Whiteboard;Stoutman's Towables;Stoutman;;;;;
;;;Mod ID: 1783333318;;;;;;
5319;hospital_drugcart_tow_packed;Hospital Drug Cart Storage;Stoutman's Towables;Stoutman;;;;;
;;;Mod ID: 1783333318;;;;;;
5320;folding_cot_tow_packed;Folding Cot;Stoutman's Towables;Stoutman;;;;;
;;;Mod ID: 1783333318;;;;;;
5321;green_tent_tow_packed;Green Tent;Stoutman's Towables;Stoutman;;;;;
;;;Mod ID: 1783333318;;;;;;
5322;display_counter_tow_packed;Display Counter Storage;Stoutman's Towables;Stoutman;;;;;
;;;Mod ID: 1783333318;;;;;;
5323;wheelchair_tow_packed;Wheelchair;Stoutman's Towables;Stoutman;;;;;
;;;Mod ID: 1783333318;;;;;;
5324;vendingmachine_1_tow_packed;Vending Machine 1 Storage;Stoutman's Towables;Stoutman;;;;;
;;;Mod ID: 1783333318;;;;;;
5325;vendingmachine_2_tow_packed;Vending Machine 2 Storage;Stoutman's Towables;Stoutman;;;;;
;;;Mod ID: 1783333318;;;;;;
5326;mapsign_tow_packed;Mapsign;Stoutman's Towables;Stoutman;;;;;
;;;Mod ID: 1783333318;;;;;;
5327;hospital_medicalcabinet_tow_packed;Hospital Medical Cabinet Storage;Stoutman's Towables;Stoutman;;;;;
;;;Mod ID: 1783333318;;;;;;
5328;small_plane_a_tow_packed;Small Plane;Stoutman's Towables;Stoutman;;;;;
;;;Mod ID: 1783333318;;;;;;
5329;small_plane_b_tow_packed;Small Plane;Stoutman's Towables;Stoutman;;;;;
;;;Mod ID: 1783333318;;;;;;
5330;small_plane_c_tow_packed;Small Plane;Stoutman's Towables;Stoutman;;;;;
;;;Mod ID: 1783333318;;;;;;
5331;small_plane_d_tow_packed;Small Plane;Stoutman's Towables;Stoutman;;;;;
;;;Mod ID: 1783333318;;;;;;
5332;small_plane_e_tow_packed;Small Plane;Stoutman's Towables;Stoutman;;;;;
;;;Mod ID: 1783333318;;;;;;
5333;hospital_gascart_tow_packed;Hospital Gas Cart;Stoutman's Towables;Stoutman;;;;;
;;;Mod ID: 1783333318;;;;;;
5334;hospital_supplycart_tow_packed;Hospital Supply Cart Storage;Stoutman's Towables;Stoutman;;;;;
;;;Mod ID: 1783333318;;;;;;
5335;hospital_vital_signs_monitor_tow_packed;Hospital Vital Signs Monitor;Stoutman's Towables;Stoutman;;;;;
;;;Mod ID: 1783333318;;;;;;
5336;fridge_modern_tow_packed;Modern Fridge Storage;Stoutman's Towables;Stoutman;;;;;
;;;Mod ID: 1783333318;;;;;;
5337;shopping_cart_tow_packed;Shopping Cart Storage;Stoutman's Towables;Stoutman;;;;;
;;;Mod ID: 1783333318;;;;;;
5338;stone_grave_tow_packed;Grave Stone;Stoutman's Towables;Stoutman;;;;;
;;;Mod ID: 1783333318;;;;;;
5339;water_dispenser_tow_packed;Water Dispenser;Stoutman's Towables;Stoutman;;;;;
;;;Mod ID: 1783333318;;;;;;
5340;hospital_supplycabinet_tow_packed;Hospital Supply Cabinet Storage;Stoutman's Towables;Stoutman;;;;;
;;;Mod ID: 1783333318;;;;;;
5341;hospital_ecg_monitor_tow_packed;Hospital ECG Monitor;Stoutman's Towables;Stoutman;;;;;
;;;Mod ID: 1783333318;;;;;;
5342;hospital_bodybag_tow_packed;Hospital Bodybag;Stoutman's Towables;Stoutman;;;;;
;;;Mod ID: 1783333318;;;;;;
5343;icemachine_tow_packed;Icemachine Storage;;;;;;;
5344;office_desk_tow_packed;Office Desk Storage;;;;;;;
5345;filecab_01_tow_packed;File Cabinet Storage;;;;;;;
5346;aircompressor_tow_packed;Air Compressor;;;;;;;
5347;carlift_tow_packed;Car Lift;;;;;;;
5348;bathroom_sink_tow_packed;Bathroom Sink;;;;;;;
5349;bathtub_tow_packed;Bathtub;;;;;;;
5350;alien_crate_tow_packed;Alien Crate Storage;;;;;;;
5351;dumpster_closed_tow_packed;Closed Dumpster Storage;;;;;;;
5352;posed_skeleton_onground_tow_packed;Skeleton laying on ground;;;;;;;
5353-5400;Reserved for Stoutman;mods in progress;;;;;;;
5401-5499;Reserved for Dr_Pyrmonte;Mod in progress;;;;;;;
5401-5499;Reserved for Dr_Pyrmonte;Mod in progress;;;5401-5499;Reserved for Survivalofthefittest;mods in progress;;
5401-5499;Reserved for Dr_Pyrmonte;Mod in progress;;;5800-5849;OPEN;;;
5401-5499;Reserved for Dr_Pyrmonte;Mod in progress;;;5850-5899;OPEN;;;
5401-5499;Reserved for Dr_Pyrmonte;Mod in progress;;;5900-5999;Reserved for Jamiehoward430;Mod in progress;;
5401-5499;Reserved for Dr_Pyrmonte;Mod in progress;;;6000-6049;Reserved for Anomaly;Mods in progress;;
5500-5999;OPEN;;;;;;;;
6000-6099;Reserved for TheeMan;New Mods in progress as of 6-8-2021;;;;;;;
6100-6199;Reserved for TheeMan;New Mods in progress as of 6-8-2021;;;;;;;
6200-6249;Reserved for feed;Mod in progress;;;;;;;
6250-6299;Open;;;;;;;;
6300-6349;Reserved for synoz;Mod in progress;;Synoz;;;;;
6350-6399;OPEN;;;;;;;;
6400-6449;Reserved for [FNZ] Heyoka;mod in progress;;Heyoka;;;;;
6450-6499;Reserved for [FNZ] Heyoka;mod in progress;;Heyoka;;;;;
6500-6599;Open;;;;;;;;
6666;toolbox_storage_crate_packed;Toolbox Storage;Stoutman's Towables;Stoutman;;;;;
;;;Mod ID: 1783333318;;;;;;
6669;powered_generator_diesel;Powered Generator;Stoutman's Towables;Stoutman;;;;;
;;;Mod ID: 1783333318;;;;;;
6700-6708;Reserved for Mnewrath;;;;;;;;
6709;wood_walkroof_3m_4m_4m_yellow;;Painted Base Parts and NEW 6mx4m Gatehouse Doors!;Mnewrath;;;;;
;;;Mod ID: 1773480449;;;;;;
6710;wood_walkroof_3m_4m_4m_white;;Painted Base Parts and NEW 6mx4m Gatehouse Doors!;Mnewrath;;;;;
;;;Mod ID: 1773480449;;;;;;
6711;wood_walkroof_3m_4m_4m_red;;Painted Base Parts and NEW 6mx4m Gatehouse Doors!;Mnewrath;;;;;
;;;Mod ID: 1773480449;;;;;;
6712;wood_walkroof_3m_4m_4m_purple;;Painted Base Parts and NEW 6mx4m Gatehouse Doors!;Mnewrath;;;;;
;;;Mod ID: 1773480449;;;;;;
6713;wood_walkroof_3m_4m_4m_pink;;Painted Base Parts and NEW 6mx4m Gatehouse Doors!;Mnewrath;;;;;
;;;Mod ID: 1773480449;;;;;;
6714;wood_walkroof_3m_4m_4m_orange;;Painted Base Parts and NEW 6mx4m Gatehouse Doors!;Mnewrath;;;;;
;;;Mod ID: 1773480449;;;;;;
6715;wood_walkroof_3m_4m_4m_green;;Painted Base Parts and NEW 6mx4m Gatehouse Doors!;Mnewrath;;;;;
;;;Mod ID: 1773480449;;;;;;
6716;wood_walkroof_3m_4m_4m_blue;;Painted Base Parts and NEW 6mx4m Gatehouse Doors!;Mnewrath;;;;;
;;;Mod ID: 1773480449;;;;;;
6717;wood_walkroof_3m_4m_4m_black;;Painted Base Parts and NEW 6mx4m Gatehouse Doors!;Mnewrath;;;;;
;;;Mod ID: 1773480449;;;;;;
6718;wood_walkway_1_3m_1m_1m_yellow;;Painted Base Parts and NEW 6mx4m Gatehouse Doors!;Mnewrath;;;;;
;;;Mod ID: 1773480449;;;;;;
6719;wood_walkway_1_3m_1m_1m_white;;Painted Base Parts and NEW 6mx4m Gatehouse Doors!;Mnewrath;;;;;
;;;Mod ID: 1773480449;;;;;;
6720;wood_walkway_1_3m_1m_1m_red;;Painted Base Parts and NEW 6mx4m Gatehouse Doors!;Mnewrath;;;;;
;;;Mod ID: 1773480449;;;;;;
6721;wood_walkway_1_3m_1m_1m_purple;;Painted Base Parts and NEW 6mx4m Gatehouse Doors!;Mnewrath;;;;;
;;;Mod ID: 1773480449;;;;;;
6722;wood_walkway_1_3m_3m_1m_pink;;Painted Base Parts and NEW 6mx4m Gatehouse Doors!;Mnewrath;;;;;
;;;Mod ID: 1773480449;;;;;;
6723;wood_walkway_1_3m_1m_1m_orange;;Painted Base Parts and NEW 6mx4m Gatehouse Doors!;Mnewrath;;;;;
;;;Mod ID: 1773480449;;;;;;
6724;wood_walkway_1_3m_1m_1m_green;;Painted Base Parts and NEW 6mx4m Gatehouse Doors!;Mnewrath;;;;;
;;;Mod ID: 1773480449;;;;;;
6725;wood_walkway_1_3m_1m_1m_blue;;Painted Base Parts and NEW 6mx4m Gatehouse Doors!;Mnewrath;;;;;
;;;Mod ID: 1773480449;;;;;;
6726;wood_walkway_1_3m_1m_1m_black;;Painted Base Parts and NEW 6mx4m Gatehouse Doors!;Mnewrath;;;;;
;;;Mod ID: 1773480449;;;;;;
6727;wood_shutter_1_6m_0_9m_yellow;;Painted Base Parts and NEW 6mx4m Gatehouse Doors!;Mnewrath;;;;;
;;;Mod ID: 1773480449;;;;;;
6728;wood_shutter_1_6m_0_9m_wood;;Painted Base Parts and NEW 6mx4m Gatehouse Doors!;Mnewrath;;;;;
;;;Mod ID: 1773480449;;;;;;
6729;wood_shutter_1_6m_0_9m_white;;Painted Base Parts and NEW 6mx4m Gatehouse Doors!;Mnewrath;;;;;
;;;Mod ID: 1773480449;;;;;;
6730;wood_shutter_1_6m_0_9m_red;;Painted Base Parts and NEW 6mx4m Gatehouse Doors!;Mnewrath;;;;;
;;;Mod ID: 1773480449;;;;;;
6731;wood_shutter_1_6m_0_9m_purple;;Painted Base Parts and NEW 6mx4m Gatehouse Doors!;Mnewrath;;;;;
;;;Mod ID: 1773480449;;;;;;
6732;wood_shutter_1_6m_0_9m_pink;;Painted Base Parts and NEW 6mx4m Gatehouse Doors!;Mnewrath;;;;;
;;;Mod ID: 1773480449;;;;;;
6733;wood_shutter_1_6m_0_9m_orange;;Painted Base Parts and NEW 6mx4m Gatehouse Doors!;Mnewrath;;;;;
;;;Mod ID: 1773480449;;;;;;
6734;wood_shutter_1_6m_0_9m_green;;Painted Base Parts and NEW 6mx4m Gatehouse Doors!;Mnewrath;;;;;
;;;Mod ID: 1773480449;;;;;;
6735;wood_shutter_1_6m_0_9m_blue;;Painted Base Parts and NEW 6mx4m Gatehouse Doors!;Mnewrath;;;;;
;;;Mod ID: 1773480449;;;;;;
6736;wood_shutter_1_6m_0_9m_black;;Painted Base Parts and NEW 6mx4m Gatehouse Doors!;Mnewrath;;;;;
;;;Mod ID: 1773480449;;;;;;
6737;wood_door_lockable_1m_2m_wood;;Painted Base Parts and NEW 6mx4m Gatehouse Doors!;Mnewrath;;;;;
;;;Mod ID: 1773480449;;;;;;
6738;wood_door_lockable_1m_2m_yellow;;Painted Base Parts and NEW 6mx4m Gatehouse Doors!;Mnewrath;;;;;
;;;Mod ID: 1773480449;;;;;;
6739;wood_door_lockable_1m_2m_white;;Painted Base Parts and NEW 6mx4m Gatehouse Doors!;Mnewrath;;;;;
;;;Mod ID: 1773480449;;;;;;
6740;wood_door_lockable_1m_2m_red;;Painted Base Parts and NEW 6mx4m Gatehouse Doors!;Mnewrath;;;;;
;;;Mod ID: 1773480449;;;;;;
6741;wood_door_lockable_1m_2m_purple;;Painted Base Parts and NEW 6mx4m Gatehouse Doors!;Mnewrath;;;;;
;;;Mod ID: 1773480449;;;;;;
6742;wood_door_lockable_1m_2m_pink;;Painted Base Parts and NEW 6mx4m Gatehouse Doors!;Mnewrath;;;;;
;;;Mod ID: 1773480449;;;;;;
6743;wood_door_lockable_1m_2m_orange;;Painted Base Parts and NEW 6mx4m Gatehouse Doors!;Mnewrath;;;;;
;;;Mod ID: 1773480449;;;;;;
6744;wood_door_lockable_1m_2m_green;;Painted Base Parts and NEW 6mx4m Gatehouse Doors!;Mnewrath;;;;;
;;;Mod ID: 1773480449;;;;;;
6745;wood_door_lockable_1m_2m_blue;;Painted Base Parts and NEW 6mx4m Gatehouse Doors!;Mnewrath;;;;;
;;;Mod ID: 1773480449;;;;;;
6746;wood_door_lockable_1m_2m_black;;Painted Base Parts and NEW 6mx4m Gatehouse Doors!;Mnewrath;;;;;
;;;Mod ID: 1773480449;;;;;;
6747;wood_door_lockable_1m_2m_wrath;;Painted Base Parts and NEW 6mx4m Gatehouse Doors!;Mnewrath;;;;;
;;;Mod ID: 1773480449;;;;;;
6748;wood_wall_door_3m_4m_yellow;;Painted Base Parts and NEW 6mx4m Gatehouse Doors!;Mnewrath;;;;;
;;;Mod ID: 1773480449;;;;;;
6749;wood_wall_door_3m_4m_white;;Painted Base Parts and NEW 6mx4m Gatehouse Doors!;Mnewrath;;;;;
;;;Mod ID: 1773480449;;;;;;
6750;wood_wall_door_3m_4m_red;;Painted Base Parts and NEW 6mx4m Gatehouse Doors!;Mnewrath;;;;;
;;;Mod ID: 1773480449;;;;;;
6751;wood_wall_door_3m_4m_purple;;Painted Base Parts and NEW 6mx4m Gatehouse Doors!;Mnewrath;;;;;
;;;Mod ID: 1773480449;;;;;;
6752;wood_wall_door_3m_4m_pink;;Painted Base Parts and NEW 6mx4m Gatehouse Doors!;Mnewrath;;;;;
;;;Mod ID: 1773480449;;;;;;
6753;wood_wall_door_3m_4m_orange;;Painted Base Parts and NEW 6mx4m Gatehouse Doors!;Mnewrath;;;;;
;;;Mod ID: 1773480449;;;;;;
6754;wood_wall_door_3m_4m_green;;Painted Base Parts and NEW 6mx4m Gatehouse Doors!;Mnewrath;;;;;
;;;Mod ID: 1773480449;;;;;;
6755;wood_wall_door_3m_4m_blue;;Painted Base Parts and NEW 6mx4m Gatehouse Doors!;Mnewrath;;;;;
;;;Mod ID: 1773480449;;;;;;
6756;wood_wall_door_3m_4m_black;;Painted Base Parts and NEW 6mx4m Gatehouse Doors!;Mnewrath;;;;;
;;;Mod ID: 1773480449;;;;;;
6757;wood_walkway_2m_4m_4m_yellow;;Painted Base Parts and NEW 6mx4m Gatehouse Doors!;Mnewrath;;;;;
;;;Mod ID: 1773480449;;;;;;
6758;wood_walkway_2m_4m_4m_white;;Painted Base Parts and NEW 6mx4m Gatehouse Doors!;Mnewrath;;;;;
;;;Mod ID: 1773480449;;;;;;
6759;wood_walkway_2m_4m_4m_red;;Painted Base Parts and NEW 6mx4m Gatehouse Doors!;Mnewrath;;;;;
;;;Mod ID: 1773480449;;;;;;
6760;wood_walkway_2m_4m_4m_purple;;Painted Base Parts and NEW 6mx4m Gatehouse Doors!;Mnewrath;;;;;
;;;Mod ID: 1773480449;;;;;;
6761;wood_walkway_2m_4m_4m_pink;;Painted Base Parts and NEW 6mx4m Gatehouse Doors!;Mnewrath;;;;;
;;;Mod ID: 1773480449;;;;;;
6762;wood_walkway_2m_4m_4m_orange;;Painted Base Parts and NEW 6mx4m Gatehouse Doors!;Mnewrath;;;;;
;;;Mod ID: 1773480449;;;;;;
6763;wood_walkway_2m_4m_4m_green;;Painted Base Parts and NEW 6mx4m Gatehouse Doors!;Mnewrath;;;;;
;;;Mod ID: 1773480449;;;;;;
6764;wood_walkway_2m_4m_4m_blue;;Painted Base Parts and NEW 6mx4m Gatehouse Doors!;Mnewrath;;;;;
;;;Mod ID: 1773480449;;;;;;
6765;wood_walkway_2m_4m_4m_black;;Painted Base Parts and NEW 6mx4m Gatehouse Doors!;Mnewrath;;;;;
;;;Mod ID: 1773480449;;;;;;
6766;wood_walkway_0m_4m_4m_yellow;;Painted Base Parts and NEW 6mx4m Gatehouse Doors!;Mnewrath;;;;;
;;;Mod ID: 1773480449;;;;;;
6767;wood_walkway_0m_4m_4m_white;;Painted Base Parts and NEW 6mx4m Gatehouse Doors!;Mnewrath;;;;;
;;;Mod ID: 1773480449;;;;;;
6768;wood_walkway_0m_4m_4m_red;;Painted Base Parts and NEW 6mx4m Gatehouse Doors!;Mnewrath;;;;;
;;;Mod ID: 1773480449;;;;;;
6769;wood_walkway_0m_4m_4m_purple;;Painted Base Parts and NEW 6mx4m Gatehouse Doors!;Mnewrath;;;;;
;;;Mod ID: 1773480449;;;;;;
6770;wood_walkway_0m_4m_4m_pink;;Painted Base Parts and NEW 6mx4m Gatehouse Doors!;Mnewrath;;;;;
;;;Mod ID: 1773480449;;;;;;
6771;wood_walkway_0m_4m_4m_orange;;Painted Base Parts and NEW 6mx4m Gatehouse Doors!;Mnewrath;;;;;
;;;Mod ID: 1773480449;;;;;;
6772;wood_walkway_0m_4m_4m_green;;Painted Base Parts and NEW 6mx4m Gatehouse Doors!;Mnewrath;;;;;
;;;Mod ID: 1773480449;;;;;;
6773;wood_walkway_0m_4m_4m_blue;;Painted Base Parts and NEW 6mx4m Gatehouse Doors!;Mnewrath;;;;;
;;;Mod ID: 1773480449;;;;;;
6774;wood_walkway_0m_4m_4m_black;;Painted Base Parts and NEW 6mx4m Gatehouse Doors!;Mnewrath;;;;;
;;;Mod ID: 1773480449;;;;;;
6775;wood_walkstairs_3m_4m_4m_yellow;;Painted Base Parts and NEW 6mx4m Gatehouse Doors!;Mnewrath;;;;;
;;;Mod ID: 1773480449;;;;;;
6776;wood_walkstairs_3m_4m_4m_white;;Painted Base Parts and NEW 6mx4m Gatehouse Doors!;Mnewrath;;;;;
;;;Mod ID: 1773480449;;;;;;
6777;wood_walkstairs_3m_4m_4m_red;;Painted Base Parts and NEW 6mx4m Gatehouse Doors!;Mnewrath;;;;;
;;;Mod ID: 1773480449;;;;;;
6778;wood_walkstairs_3m_4m_4m_purple;;Painted Base Parts and NEW 6mx4m Gatehouse Doors!;Mnewrath;;;;;
;;;Mod ID: 1773480449;;;;;;
6779;wood_walkstairs_3m_4m_4m_pink;;Painted Base Parts and NEW 6mx4m Gatehouse Doors!;Mnewrath;;;;;
;;;Mod ID: 1773480449;;;;;;
6780;wood_walkstairs_3m_4m_4m_orange;;Painted Base Parts and NEW 6mx4m Gatehouse Doors!;Mnewrath;;;;;
;;;Mod ID: 1773480449;;;;;;
6781;wood_walkstairs_3m_4m_4m_green;;Painted Base Parts and NEW 6mx4m Gatehouse Doors!;Mnewrath;;;;;
;;;Mod ID: 1773480449;;;;;;
6782;wood_walkstairs_3m_4m_4m_blue;;Painted Base Parts and NEW 6mx4m Gatehouse Doors!;Mnewrath;;;;;
;;;Mod ID: 1773480449;;;;;;
6783;wood_walkstairs_3m_4m_4m_black;;Painted Base Parts and NEW 6mx4m Gatehouse Doors!;Mnewrath;;;;;
;;;Mod ID: 1773480449;;;;;;
6784;wood_walkway_2m_1m_1m_yellow;;Painted Base Parts and NEW 6mx4m Gatehouse Doors!;Mnewrath;;;;;
;;;Mod ID: 1773480449;;;;;;
6785;wood_walkway_2m_1m_1m_white;;Painted Base Parts and NEW 6mx4m Gatehouse Doors!;Mnewrath;;;;;
;;;Mod ID: 1773480449;;;;;;
6786;wood_walkway_2m_1m_1m_red;;Painted Base Parts and NEW 6mx4m Gatehouse Doors!;Mnewrath;;;;;
;;;Mod ID: 1773480449;;;;;;
6787;wood_walkway_2m_1m_1m_purple;;Painted Base Parts and NEW 6mx4m Gatehouse Doors!;Mnewrath;;;;;
;;;Mod ID: 1773480449;;;;;;
6788;wood_walkway_2m_1m_1m_pink;;Painted Base Parts and NEW 6mx4m Gatehouse Doors!;Mnewrath;;;;;
;;;Mod ID: 1773480449;;;;;;
6789;wood_walkway_2m_1m_1m_orange;;Painted Base Parts and NEW 6mx4m Gatehouse Doors!;Mnewrath;;;;;
;;;Mod ID: 1773480449;;;;;;
6790;wood_walkway_2m_1m_1m_green;;Painted Base Parts and NEW 6mx4m Gatehouse Doors!;Mnewrath;;;;;
;;;Mod ID: 1773480449;;;;;;
6791;wood_walkway_2m_1m_1m_blue;;Painted Base Parts and NEW 6mx4m Gatehouse Doors!;Mnewrath;;;;;
;;;Mod ID: 1773480449;;;;;;
6792;wood_walkway_2m_1m_1m_black;;Painted Base Parts and NEW 6mx4m Gatehouse Doors!;Mnewrath;;;;;
;;;Mod ID: 1773480449;;;;;;
6793;wood_walkway_2m_3m_1m_yellow;;Painted Base Parts and NEW 6mx4m Gatehouse Doors!;Mnewrath;;;;;
;;;Mod ID: 1773480449;;;;;;
6794;wood_walkway_2m_3m_1m_white;;Painted Base Parts and NEW 6mx4m Gatehouse Doors!;Mnewrath;;;;;
;;;Mod ID: 1773480449;;;;;;
6795;wood_walkway_2m_3m_1m_red;;Painted Base Parts and NEW 6mx4m Gatehouse Doors!;Mnewrath;;;;;
;;;Mod ID: 1773480449;;;;;;
6796;wood_walkway_2m_3m_1m_purple;;Painted Base Parts and NEW 6mx4m Gatehouse Doors!;Mnewrath;;;;;
;;;Mod ID: 1773480449;;;;;;
6797;wood_walkway_2m_3m_1m_pink;;Painted Base Parts and NEW 6mx4m Gatehouse Doors!;Mnewrath;;;;;
;;;Mod ID: 1773480449;;;;;;
6798;wood_walkway_2m_3m_1m_orange;;Painted Base Parts and NEW 6mx4m Gatehouse Doors!;Mnewrath;;;;;
;;;Mod ID: 1773480449;;;;;;
6799;wood_walkway_2m_3m_1m_green;;Painted Base Parts and NEW 6mx4m Gatehouse Doors!;Mnewrath;;;;;
;;;Mod ID: 1773480449;;;;;;
6800;wood_walkway_2m_3m_1m_blue;;Painted Base Parts and NEW 6mx4m Gatehouse Doors!;Mnewrath;;;;;
;;;Mod ID: 1773480449;;;;;;
6801;wood_walkway_2m_3m_1m_black;;Painted Base Parts and NEW 6mx4m Gatehouse Doors!;Mnewrath;;;;;
;;;Mod ID: 1773480449;;;;;;
6802;wood_walkway_3m_1m_1m_yellow;;Painted Base Parts and NEW 6mx4m Gatehouse Doors!;Mnewrath;;;;;
;;;Mod ID: 1773480449;;;;;;
6803;wood_walkway_3m_1m_1m_white;;Painted Base Parts and NEW 6mx4m Gatehouse Doors!;Mnewrath;;;;;
;;;Mod ID: 1773480449;;;;;;
6804;wood_walkway_3m_1m_1m_red;;Painted Base Parts and NEW 6mx4m Gatehouse Doors!;Mnewrath;;;;;
;;;Mod ID: 1773480449;;;;;;
6805;wood_walkway_3m_1m_1m_purple;;Painted Base Parts and NEW 6mx4m Gatehouse Doors!;Mnewrath;;;;;
;;;Mod ID: 1773480449;;;;;;
6806;wood_walkway_3m_1m_1m_pink;;Painted Base Parts and NEW 6mx4m Gatehouse Doors!;Mnewrath;;;;;
;;;Mod ID: 1773480449;;;;;;
6807;wood_walkway_3m_1m_1m_orange;;Painted Base Parts and NEW 6mx4m Gatehouse Doors!;Mnewrath;;;;;
;;;Mod ID: 1773480449;;;;;;
6808;wood_walkway_3m_1m_1m_green;;Painted Base Parts and NEW 6mx4m Gatehouse Doors!;Mnewrath;;;;;
;;;Mod ID: 1773480449;;;;;;
6809;wood_walkway_3m_1m_1m_blue;;Painted Base Parts and NEW 6mx4m Gatehouse Doors!;Mnewrath;;;;;
;;;Mod ID: 1773480449;;;;;;
6810;wood_walkway_3m_1m_1m_black;;Painted Base Parts and NEW 6mx4m Gatehouse Doors!;Mnewrath;;;;;
;;;Mod ID: 1773480449;;;;;;
6811;wood_walkway_3m_3m_1m_yellow;;Painted Base Parts and NEW 6mx4m Gatehouse Doors!;Mnewrath;;;;;
;;;Mod ID: 1773480449;;;;;;
6812;wood_walkway_3m_3m_1m_white;;Painted Base Parts and NEW 6mx4m Gatehouse Doors!;Mnewrath;;;;;
;;;Mod ID: 1773480449;;;;;;
6813;wood_walkway_3m_3m_1m_red;;Painted Base Parts and NEW 6mx4m Gatehouse Doors!;Mnewrath;;;;;
;;;Mod ID: 1773480449;;;;;;
6814;wood_walkway_3m_3m_1m_purple;;Painted Base Parts and NEW 6mx4m Gatehouse Doors!;Mnewrath;;;;;
;;;Mod ID: 1773480449;;;;;;
6815;wood_walkway_3m_3m_1m_pink;;Painted Base Parts and NEW 6mx4m Gatehouse Doors!;Mnewrath;;;;;
;;;Mod ID: 1773480449;;;;;;
6816;wood_walkway_3m_3m_1m_orange;;Painted Base Parts and NEW 6mx4m Gatehouse Doors!;Mnewrath;;;;;
;;;Mod ID: 1773480449;;;;;;
6817;wood_walkway_3m_3m_1m_green;;Painted Base Parts and NEW 6mx4m Gatehouse Doors!;Mnewrath;;;;;
;;;Mod ID: 1773480449;;;;;;
6818;wood_walkway_3m_3m_1m_blue;;Painted Base Parts and NEW 6mx4m Gatehouse Doors!;Mnewrath;;;;;
;;;Mod ID: 1773480449;;;;;;
6819;wood_walkway_3m_3m_1m_black;;Painted Base Parts and NEW 6mx4m Gatehouse Doors!;Mnewrath;;;;;
;;;Mod ID: 1773480449;;;;;;
6820;wood_walkway_3m_4m_4m_yellow;;Painted Base Parts and NEW 6mx4m Gatehouse Doors!;Mnewrath;;;;;
;;;Mod ID: 1773480449;;;;;;
6821;wood_walkway_3m_4m_4m_white;;Painted Base Parts and NEW 6mx4m Gatehouse Doors!;Mnewrath;;;;;
;;;Mod ID: 1773480449;;;;;;
6822;wood_walkway_3m_4m_4m_red;;Painted Base Parts and NEW 6mx4m Gatehouse Doors!;Mnewrath;;;;;
;;;Mod ID: 1773480449;;;;;;
6823;wood_walkway_3m_4m_4m_purple;;Painted Base Parts and NEW 6mx4m Gatehouse Doors!;Mnewrath;;;;;
;;;Mod ID: 1773480449;;;;;;
6824;wood_walkway_3m_4m_4m_pink;;Painted Base Parts and NEW 6mx4m Gatehouse Doors!;Mnewrath;;;;;
;;;Mod ID: 1773480449;;;;;;
6825;wood_walkway_3m_4m_4m_orange;;Painted Base Parts and NEW 6mx4m Gatehouse Doors!;Mnewrath;;;;;
;;;Mod ID: 1773480449;;;;;;
6826;wood_walkway_3m_4m_4m_green;;Painted Base Parts and NEW 6mx4m Gatehouse Doors!;Mnewrath;;;;;
;;;Mod ID: 1773480449;;;;;;
6827;wood_walkway_3m_4m_4m_blue;;Painted Base Parts and NEW 6mx4m Gatehouse Doors!;Mnewrath;;;;;
;;;Mod ID: 1773480449;;;;;;
6828;wood_walkway_3m_4m_4m_black;;Painted Base Parts and NEW 6mx4m Gatehouse Doors!;Mnewrath;;;;;
;;;Mod ID: 1773480449;;;;;;
6829;wood_walkway_1_3m_4m_4m_yellow;;Painted Base Parts and NEW 6mx4m Gatehouse Doors!;Mnewrath;;;;;
;;;Mod ID: 1773480449;;;;;;
6830;wood_walkway_1_3m_4m_4m_white;;Painted Base Parts and NEW 6mx4m Gatehouse Doors!;Mnewrath;;;;;
;;;Mod ID: 1773480449;;;;;;
6831;wood_walkway_1_3m_4m_4m_red;;Painted Base Parts and NEW 6mx4m Gatehouse Doors!;Mnewrath;;;;;
;;;Mod ID: 1773480449;;;;;;
6832;wood_walkway_1_3m_4m_4m_purple;;Painted Base Parts and NEW 6mx4m Gatehouse Doors!;Mnewrath;;;;;
;;;Mod ID: 1773480449;;;;;;
6833;wood_walkway_1_3m_4m_4m_pink;;Painted Base Parts and NEW 6mx4m Gatehouse Doors!;Mnewrath;;;;;
;;;Mod ID: 1773480449;;;;;;
6834;wood_walkway_1_3m_4m_4m_orange;;Painted Base Parts and NEW 6mx4m Gatehouse Doors!;Mnewrath;;;;;
;;;Mod ID: 1773480449;;;;;;
6835;wood_walkway_1_3m_4m_4m_green;;Painted Base Parts and NEW 6mx4m Gatehouse Doors!;Mnewrath;;;;;
;;;Mod ID: 1773480449;;;;;;
6836;wood_walkway_1_3m_4m_4m_blue;;Painted Base Parts and NEW 6mx4m Gatehouse Doors!;Mnewrath;;;;;
;;;Mod ID: 1773480449;;;;;;
6837;wood_walkway_1_3m_4m_4m_black;;Painted Base Parts and NEW 6mx4m Gatehouse Doors!;Mnewrath;;;;;
;;;Mod ID: 1773480449;;;;;;
6838;wood_walkway_1_3m_3m_1m_yellow;;Painted Base Parts and NEW 6mx4m Gatehouse Doors!;Mnewrath;;;;;
;;;Mod ID: 1773480449;;;;;;
6839;wood_walkway_1_3m_3m_1m_white;;Painted Base Parts and NEW 6mx4m Gatehouse Doors!;Mnewrath;;;;;
;;;Mod ID: 1773480449;;;;;;
6840;wood_walkway_1_3m_3m_1m_red;;Painted Base Parts and NEW 6mx4m Gatehouse Doors!;Mnewrath;;;;;
;;;Mod ID: 1773480449;;;;;;
6841;wood_walkway_1_3m_3m_1m_purple;;Painted Base Parts and NEW 6mx4m Gatehouse Doors!;Mnewrath;;;;;
;;;Mod ID: 1773480449;;;;;;
6842;wood_walkway_1_3m_3m_1m_pink;;Painted Base Parts and NEW 6mx4m Gatehouse Doors!;Mnewrath;;;;;
;;;Mod ID: 1773480449;;;;;;
6843;wood_walkway_1_3m_3m_1m_orange;;Painted Base Parts and NEW 6mx4m Gatehouse Doors!;Mnewrath;;;;;
;;;Mod ID: 1773480449;;;;;;
6844;wood_walkway_1_3m_3m_1m_green;;Painted Base Parts and NEW 6mx4m Gatehouse Doors!;Mnewrath;;;;;
;;;Mod ID: 1773480449;;;;;;
6845;wood_walkway_1_3m_3m_1m_blue;;Painted Base Parts and NEW 6mx4m Gatehouse Doors!;Mnewrath;;;;;
;;;Mod ID: 1773480449;;;;;;
6846;wood_walkway_1_3m_3m_1m_black;;Painted Base Parts and NEW 6mx4m Gatehouse Doors!;Mnewrath;;;;;
;;;Mod ID: 1773480449;;;;;;
6847;wood_wall_shutter_3m_4m_yellow;;Painted Base Parts and NEW 6mx4m Gatehouse Doors!;Mnewrath;;;;;
;;;Mod ID: 1773480449;;;;;;
6848;wood_wall_shutter_3m_4m_white;;Painted Base Parts and NEW 6mx4m Gatehouse Doors!;Mnewrath;;;;;
;;;Mod ID: 1773480449;;;;;;
6849;wood_wall_shutter_3m_4m_red;;Painted Base Parts and NEW 6mx4m Gatehouse Doors!;Mnewrath;;;;;
;;;Mod ID: 1773480449;;;;;;
6850;wood_wall_shutter_3m_4m_purple;;Painted Base Parts and NEW 6mx4m Gatehouse Doors!;Mnewrath;;;;;
;;;Mod ID: 1773480449;;;;;;
6851;wood_wall_shutter_3m_4m_pink;;Painted Base Parts and NEW 6mx4m Gatehouse Doors!;Mnewrath;;;;;
;;;Mod ID: 1773480449;;;;;;
6852;wood_wall_shutter_3m_4m_orange;;Painted Base Parts and NEW 6mx4m Gatehouse Doors!;Mnewrath;;;;;
;;;Mod ID: 1773480449;;;;;;
6853;wood_wall_shutter_3m_4m_green;;Painted Base Parts and NEW 6mx4m Gatehouse Doors!;Mnewrath;;;;;
;;;Mod ID: 1773480449;;;;;;
6854;wood_wall_shutter_3m_4m_blue;;Painted Base Parts and NEW 6mx4m Gatehouse Doors!;Mnewrath;;;;;
;;;Mod ID: 1773480449;;;;;;
6855;wood_wall_shutter_3m_4m_black;;Painted Base Parts and NEW 6mx4m Gatehouse Doors!;Mnewrath;;;;;
;;;Mod ID: 1773480449;;;;;;
6856;wood_wall_shutter_3m_2m_yellow;;Painted Base Parts and NEW 6mx4m Gatehouse Doors!;Mnewrath;;;;;
;;;Mod ID: 1773480449;;;;;;
6857;wood_wall_shutter_3m_2m_white;;Painted Base Parts and NEW 6mx4m Gatehouse Doors!;Mnewrath;;;;;
;;;Mod ID: 1773480449;;;;;;
6858;wood_wall_shutter_3m_2m_red;;Painted Base Parts and NEW 6mx4m Gatehouse Doors!;Mnewrath;;;;;
;;;Mod ID: 1773480449;;;;;;
6859;wood_wall_shutter_3m_2m_purple;;Painted Base Parts and NEW 6mx4m Gatehouse Doors!;Mnewrath;;;;;
;;;Mod ID: 1773480449;;;;;;
6860;wood_wall_shutter_3m_2m_pink;;Painted Base Parts and NEW 6mx4m Gatehouse Doors!;Mnewrath;;;;;
;;;Mod ID: 1773480449;;;;;;
6861;wood_wall_shutter_3m_2m_orange;;Painted Base Parts and NEW 6mx4m Gatehouse Doors!;Mnewrath;;;;;
;;;Mod ID: 1773480449;;;;;;
6862;wood_wall_shutter_3m_2m_green;;Painted Base Parts and NEW 6mx4m Gatehouse Doors!;Mnewrath;;;;;
;;;Mod ID: 1773480449;;;;;;
6863;wood_wall_shutter_3m_2m_blue;;Painted Base Parts and NEW 6mx4m Gatehouse Doors!;Mnewrath;;;;;
;;;Mod ID: 1773480449;;;;;;
6864;wood_wall_shutter_3m_2m_black;;Painted Base Parts and NEW 6mx4m Gatehouse Doors!;Mnewrath;;;;;
;;;Mod ID: 1773480449;;;;;;
6865;wood_wall_window_3m_2m_yellow;;Painted Base Parts and NEW 6mx4m Gatehouse Doors!;Mnewrath;;;;;
;;;Mod ID: 1773480449;;;;;;
6866;wood_wall_window_3m_2m_white;;Painted Base Parts and NEW 6mx4m Gatehouse Doors!;Mnewrath;;;;;
;;;Mod ID: 1773480449;;;;;;
6867;wood_wall_window_3m_2m_red;;Painted Base Parts and NEW 6mx4m Gatehouse Doors!;Mnewrath;;;;;
;;;Mod ID: 1773480449;;;;;;
6868;wood_wall_window_3m_2m_purple;;Painted Base Parts and NEW 6mx4m Gatehouse Doors!;Mnewrath;;;;;
;;;Mod ID: 1773480449;;;;;;
6869;wood_wall_window_3m_2m_pink;;Painted Base Parts and NEW 6mx4m Gatehouse Doors!;Mnewrath;;;;;
;;;Mod ID: 1773480449;;;;;;
6870;wood_wall_window_3m_2m_orange;;Painted Base Parts and NEW 6mx4m Gatehouse Doors!;Mnewrath;;;;;
;;;Mod ID: 1773480449;;;;;;
6871;wood_wall_window_3m_2m_green;;Painted Base Parts and NEW 6mx4m Gatehouse Doors!;Mnewrath;;;;;
;;;Mod ID: 1773480449;;;;;;
6872;wood_wall_window_3m_2m_blue;;Painted Base Parts and NEW 6mx4m Gatehouse Doors!;Mnewrath;;;;;
;;;Mod ID: 1773480449;;;;;;
6873;wood_wall_window_3m_2m_black;;Painted Base Parts and NEW 6mx4m Gatehouse Doors!;Mnewrath;;;;;
;;;Mod ID: 1773480449;;;;;;
6874;wood_wall_window_3m_4m_yellow;;Painted Base Parts and NEW 6mx4m Gatehouse Doors!;Mnewrath;;;;;
;;;Mod ID: 1773480449;;;;;;
6875;wood_wall_window_3m_4m_white;;Painted Base Parts and NEW 6mx4m Gatehouse Doors!;Mnewrath;;;;;
;;;Mod ID: 1773480449;;;;;;
6876;wood_wall_window_3m_4m_red;;Painted Base Parts and NEW 6mx4m Gatehouse Doors!;Mnewrath;;;;;
;;;Mod ID: 1773480449;;;;;;
6877;wood_wall_window_3m_4m_purple;;Painted Base Parts and NEW 6mx4m Gatehouse Doors!;Mnewrath;;;;;
;;;Mod ID: 1773480449;;;;;;
6878;wood_wall_window_3m_4m_pink;;Painted Base Parts and NEW 6mx4m Gatehouse Doors!;Mnewrath;;;;;
;;;Mod ID: 1773480449;;;;;;
6879;wood_wall_window_3m_4m_orange;;Painted Base Parts and NEW 6mx4m Gatehouse Doors!;Mnewrath;;;;;
;;;Mod ID: 1773480449;;;;;;
6880;wood_wall_window_3m_4m_green;;Painted Base Parts and NEW 6mx4m Gatehouse Doors!;Mnewrath;;;;;
;;;Mod ID: 1773480449;;;;;;
6881;wood_wall_window_3m_4m_blue;;Painted Base Parts and NEW 6mx4m Gatehouse Doors!;Mnewrath;;;;;
;;;Mod ID: 1773480449;;;;;;
6882;wood_wall_window_3m_4m_black;;Painted Base Parts and NEW 6mx4m Gatehouse Doors!;Mnewrath;;;;;
;;;Mod ID: 1773480449;;;;;;
6883;wood_wall_1_3m_1m_yellow;;Painted Base Parts and NEW 6mx4m Gatehouse Doors!;Mnewrath;;;;;
;;;Mod ID: 1773480449;;;;;;
6884;wood_wall_1_3m_1m_white;;Painted Base Parts and NEW 6mx4m Gatehouse Doors!;Mnewrath;;;;;
;;;Mod ID: 1773480449;;;;;;
6885;wood_wall_1_3m_1m_red;;Painted Base Parts and NEW 6mx4m Gatehouse Doors!;Mnewrath;;;;;
;;;Mod ID: 1773480449;;;;;;
6886;wood_wall_1_3m_1m_purple;;Painted Base Parts and NEW 6mx4m Gatehouse Doors!;Mnewrath;;;;;
;;;Mod ID: 1773480449;;;;;;
6887;wood_wall_1_3m_1m_pink;;Painted Base Parts and NEW 6mx4m Gatehouse Doors!;Mnewrath;;;;;
;;;Mod ID: 1773480449;;;;;;
6888;wood_wall_1_3m_1m_orange;;Painted Base Parts and NEW 6mx4m Gatehouse Doors!;Mnewrath;;;;;
;;;Mod ID: 1773480449;;;;;;
6889;wood_wall_1_3m_1m_green;;Painted Base Parts and NEW 6mx4m Gatehouse Doors!;Mnewrath;;;;;
;;;Mod ID: 1773480449;;;;;;
6890;wood_wall_1_3m_1m_blue;;Painted Base Parts and NEW 6mx4m Gatehouse Doors!;Mnewrath;;;;;
;;;Mod ID: 1773480449;;;;;;
6891;wood_wall_1_3m_1m_black;;Painted Base Parts and NEW 6mx4m Gatehouse Doors!;Mnewrath;;;;;
;;;Mod ID: 1773480449;;;;;;
6892;wood_wall_1_3m_2m_yellow;;Painted Base Parts and NEW 6mx4m Gatehouse Doors!;Mnewrath;;;;;
;;;Mod ID: 1773480449;;;;;;
6893;wood_wall_1_3m_2m_white;;Painted Base Parts and NEW 6mx4m Gatehouse Doors!;Mnewrath;;;;;
;;;Mod ID: 1773480449;;;;;;
6894;wood_wall_1_3m_2m_red;;Painted Base Parts and NEW 6mx4m Gatehouse Doors!;Mnewrath;;;;;
;;;Mod ID: 1773480449;;;;;;
6895;wood_wall_1_3m_2m_purple;;Painted Base Parts and NEW 6mx4m Gatehouse Doors!;Mnewrath;;;;;
;;;Mod ID: 1773480449;;;;;;
6896;wood_wall_1_3m_2m_pink;;Painted Base Parts and NEW 6mx4m Gatehouse Doors!;Mnewrath;;;;;
;;;Mod ID: 1773480449;;;;;;
6897;wood_wall_1_3m_2m_orange;;Painted Base Parts and NEW 6mx4m Gatehouse Doors!;Mnewrath;;;;;
;;;Mod ID: 1773480449;;;;;;
6898;wood_wall_1_3m_2m_green;;Painted Base Parts and NEW 6mx4m Gatehouse Doors!;Mnewrath;;;;;
;;;Mod ID: 1773480449;;;;;;
6899;wood_wall_1_3m_2m_blue;;Painted Base Parts and NEW 6mx4m Gatehouse Doors!;Mnewrath;;;;;
;;;Mod ID: 1773480449;;;;;;
6900;wood_wall_1_3m_2m_black;;Painted Base Parts and NEW 6mx4m Gatehouse Doors!;Mnewrath;;;;;
;;;Mod ID: 1773480449;;;;;;
6901;wood_wall_1_3m_4m_yellow;;Painted Base Parts and NEW 6mx4m Gatehouse Doors!;Mnewrath;;;;;
;;;Mod ID: 1773480449;;;;;;
6902;wood_wall_1_3m_4m_white;;Painted Base Parts and NEW 6mx4m Gatehouse Doors!;Mnewrath;;;;;
;;;Mod ID: 1773480449;;;;;;
6903;wood_wall_1_3m_4m_red;;Painted Base Parts and NEW 6mx4m Gatehouse Doors!;Mnewrath;;;;;
;;;Mod ID: 1773480449;;;;;;
6904;wood_wall_1_3m_4m_purple;;Painted Base Parts and NEW 6mx4m Gatehouse Doors!;Mnewrath;;;;;
;;;Mod ID: 1773480449;;;;;;
6905;wood_wall_1_3m_4m_pink;;Painted Base Parts and NEW 6mx4m Gatehouse Doors!;Mnewrath;;;;;
;;;Mod ID: 1773480449;;;;;;
6906;wood_wall_1_3m_4m_orange;;Painted Base Parts and NEW 6mx4m Gatehouse Doors!;Mnewrath;;;;;
;;;Mod ID: 1773480449;;;;;;
6907;wood_wall_1_3m_4m_green;;Painted Base Parts and NEW 6mx4m Gatehouse Doors!;Mnewrath;;;;;
;;;Mod ID: 1773480449;;;;;;
6908;wood_wall_1_3m_4m_blue;;Painted Base Parts and NEW 6mx4m Gatehouse Doors!;Mnewrath;;;;;
;;;Mod ID: 1773480449;;;;;;
6909;wood_wall_1_3m_4m_black;;Painted Base Parts and NEW 6mx4m Gatehouse Doors!;Mnewrath;;;;;
;;;Mod ID: 1773480449;;;;;;
6910;wood_wall_2m_4m_yellow;;Painted Base Parts and NEW 6mx4m Gatehouse Doors!;Mnewrath;;;;;
;;;Mod ID: 1773480449;;;;;;
6911;wood_wall_2m_4m_white;;Painted Base Parts and NEW 6mx4m Gatehouse Doors!;Mnewrath;;;;;
;;;Mod ID: 1773480449;;;;;;
6912;wood_wall_2m_4m_red;;Painted Base Parts and NEW 6mx4m Gatehouse Doors!;Mnewrath;;;;;
;;;Mod ID: 1773480449;;;;;;
6913;wood_wall_2m_4m_purple;;Painted Base Parts and NEW 6mx4m Gatehouse Doors!;Mnewrath;;;;;
;;;Mod ID: 1773480449;;;;;;
6914;wood_wall_2m_4m_pink;;Painted Base Parts and NEW 6mx4m Gatehouse Doors!;Mnewrath;;;;;
;;;Mod ID: 1773480449;;;;;;
6915;wood_wall_2m_4m_orange;;Painted Base Parts and NEW 6mx4m Gatehouse Doors!;Mnewrath;;;;;
;;;Mod ID: 1773480449;;;;;;
6916;wood_wall_2m_4m_green;;Painted Base Parts and NEW 6mx4m Gatehouse Doors!;Mnewrath;;;;;
;;;Mod ID: 1773480449;;;;;;
6917;wood_wall_2m_4m_blue;;Painted Base Parts and NEW 6mx4m Gatehouse Doors!;Mnewrath;;;;;
;;;Mod ID: 1773480449;;;;;;
6918;wood_wall_2m_4m_black;;Painted Base Parts and NEW 6mx4m Gatehouse Doors!;Mnewrath;;;;;
;;;Mod ID: 1773480449;;;;;;
6919;wood_wall_2m_2m_yellow;;Painted Base Parts and NEW 6mx4m Gatehouse Doors!;Mnewrath;;;;;
;;;Mod ID: 1773480449;;;;;;
6920;wood_wall_2m_2m_white;;Painted Base Parts and NEW 6mx4m Gatehouse Doors!;Mnewrath;;;;;
;;;Mod ID: 1773480449;;;;;;
6921;wood_wall_2m_2m_red;;Painted Base Parts and NEW 6mx4m Gatehouse Doors!;Mnewrath;;;;;
;;;Mod ID: 1773480449;;;;;;
6922;wood_wall_2m_2m_purple;;Painted Base Parts and NEW 6mx4m Gatehouse Doors!;Mnewrath;;;;;
;;;Mod ID: 1773480449;;;;;;
6923;wood_wall_2m_2m_pink;;Painted Base Parts and NEW 6mx4m Gatehouse Doors!;Mnewrath;;;;;
;;;Mod ID: 1773480449;;;;;;
6924;wood_wall_2m_2m_orange;;Painted Base Parts and NEW 6mx4m Gatehouse Doors!;Mnewrath;;;;;
;;;Mod ID: 1773480449;;;;;;
6925;wood_wall_2m_2m_green;;Painted Base Parts and NEW 6mx4m Gatehouse Doors!;Mnewrath;;;;;
;;;Mod ID: 1773480449;;;;;;
6926;wood_wall_2m_2m_blue;;Painted Base Parts and NEW 6mx4m Gatehouse Doors!;Mnewrath;;;;;
;;;Mod ID: 1773480449;;;;;;
6927;wood_wall_2m_2m_black;;Painted Base Parts and NEW 6mx4m Gatehouse Doors!;Mnewrath;;;;;
;;;Mod ID: 1773480449;;;;;;
6928;wood_wall_2m_1m_yellow;;Painted Base Parts and NEW 6mx4m Gatehouse Doors!;Mnewrath;;;;;
;;;Mod ID: 1773480449;;;;;;
6929;wood_wall_2m_1m_white;;Painted Base Parts and NEW 6mx4m Gatehouse Doors!;Mnewrath;;;;;
;;;Mod ID: 1773480449;;;;;;
6930;wood_wall_2m_1m_red;;Painted Base Parts and NEW 6mx4m Gatehouse Doors!;Mnewrath;;;;;
;;;Mod ID: 1773480449;;;;;;
6931;wood_wall_2m_1m_purple;;Painted Base Parts and NEW 6mx4m Gatehouse Doors!;Mnewrath;;;;;
;;;Mod ID: 1773480449;;;;;;
6932;wood_wall_2m_1m_pink;;Painted Base Parts and NEW 6mx4m Gatehouse Doors!;Mnewrath;;;;;
;;;Mod ID: 1773480449;;;;;;
6933;wood_wall_2m_1m_orange;;Painted Base Parts and NEW 6mx4m Gatehouse Doors!;Mnewrath;;;;;
;;;Mod ID: 1773480449;;;;;;
6934;wood_wall_2m_1m_green;;Painted Base Parts and NEW 6mx4m Gatehouse Doors!;Mnewrath;;;;;
;;;Mod ID: 1773480449;;;;;;
6935;wood_wall_2m_1m_blue;;Painted Base Parts and NEW 6mx4m Gatehouse Doors!;Mnewrath;;;;;
;;;Mod ID: 1773480449;;;;;;
6936;wood_wall_2m_1m_black;;Painted Base Parts and NEW 6mx4m Gatehouse Doors!;Mnewrath;;;;;
;;;Mod ID: 1773480449;;;;;;
6937;wood_wall_3m_1m_yellow;;Painted Base Parts and NEW 6mx4m Gatehouse Doors!;Mnewrath;;;;;
;;;Mod ID: 1773480449;;;;;;
6938;wood_wall_3m_1m_white;;Painted Base Parts and NEW 6mx4m Gatehouse Doors!;Mnewrath;;;;;
;;;Mod ID: 1773480449;;;;;;
6939;wood_wall_3m_1m_red;;Painted Base Parts and NEW 6mx4m Gatehouse Doors!;Mnewrath;;;;;
;;;Mod ID: 1773480449;;;;;;
6940;wood_wall_3m_1m_purple;;Painted Base Parts and NEW 6mx4m Gatehouse Doors!;Mnewrath;;;;;
;;;Mod ID: 1773480449;;;;;;
6941;wood_wall_3m_1m_pink;;Painted Base Parts and NEW 6mx4m Gatehouse Doors!;Mnewrath;;;;;
;;;Mod ID: 1773480449;;;;;;
6942;wood_wall_3m_1m_orange;;Painted Base Parts and NEW 6mx4m Gatehouse Doors!;Mnewrath;;;;;
;;;Mod ID: 1773480449;;;;;;
6943;wood_wall_3m_1m_green;;Painted Base Parts and NEW 6mx4m Gatehouse Doors!;Mnewrath;;;;;
;;;Mod ID: 1773480449;;;;;;
6944;wood_wall_3m_1m_blue;;Painted Base Parts and NEW 6mx4m Gatehouse Doors!;Mnewrath;;;;;
;;;Mod ID: 1773480449;;;;;;
6945;wood_wall_3m_1m_black;;Painted Base Parts and NEW 6mx4m Gatehouse Doors!;Mnewrath;;;;;
;;;Mod ID: 1773480449;;;;;;
6946;wood_wall_3m_2m_yellow;;Painted Base Parts and NEW 6mx4m Gatehouse Doors!;Mnewrath;;;;;
;;;Mod ID: 1773480449;;;;;;
6947;wood_wall_3m_2m_white;;Painted Base Parts and NEW 6mx4m Gatehouse Doors!;Mnewrath;;;;;
;;;Mod ID: 1773480449;;;;;;
6948;wood_wall_3m_2m_red;;Painted Base Parts and NEW 6mx4m Gatehouse Doors!;Mnewrath;;;;;
;;;Mod ID: 1773480449;;;;;;
6949;wood_wall_3m_2m_purple;;Painted Base Parts and NEW 6mx4m Gatehouse Doors!;Mnewrath;;;;;
;;;Mod ID: 1773480449;;;;;;
6950;wood_wall_3m_2m_pink;;Painted Base Parts and NEW 6mx4m Gatehouse Doors!;Mnewrath;;;;;
;;;Mod ID: 1773480449;;;;;;
6951;wood_wall_3m_2m_orange;;Painted Base Parts and NEW 6mx4m Gatehouse Doors!;Mnewrath;;;;;
;;;Mod ID: 1773480449;;;;;;
6952;wood_wall_3m_2m_green;;Painted Base Parts and NEW 6mx4m Gatehouse Doors!;Mnewrath;;;;;
;;;Mod ID: 1773480449;;;;;;
6953;wood_wall_3m_2m_blue;;Painted Base Parts and NEW 6mx4m Gatehouse Doors!;Mnewrath;;;;;
;;;Mod ID: 1773480449;;;;;;
6954;wood_wall_3m_2m_black;;Painted Base Parts and NEW 6mx4m Gatehouse Doors!;Mnewrath;;;;;
;;;Mod ID: 1773480449;;;;;;
6955;wood_wall_3m_4m_yellow;;Painted Base Parts and NEW 6mx4m Gatehouse Doors!;Mnewrath;;;;;
;;;Mod ID: 1773480449;;;;;;
6956;wood_wall_3m_4m_white;;Painted Base Parts and NEW 6mx4m Gatehouse Doors!;Mnewrath;;;;;
;;;Mod ID: 1773480449;;;;;;
6957;wood_wall_3m_4m_red;;Painted Base Parts and NEW 6mx4m Gatehouse Doors!;Mnewrath;;;;;
;;;Mod ID: 1773480449;;;;;;
6958;wood_wall_3m_4m_purple;;Painted Base Parts and NEW 6mx4m Gatehouse Doors!;Mnewrath;;;;;
;;;Mod ID: 1773480449;;;;;;
6959;wood_wall_3m_4m_pink;;Painted Base Parts and NEW 6mx4m Gatehouse Doors!;Mnewrath;;;;;
;;;Mod ID: 1773480449;;;;;;
6960;wood_wall_3m_4m_orange;;Painted Base Parts and NEW 6mx4m Gatehouse Doors!;Mnewrath;;;;;
;;;Mod ID: 1773480449;;;;;;
6961;wood_wall_3m_4m_green;;Painted Base Parts and NEW 6mx4m Gatehouse Doors!;Mnewrath;;;;;
;;;Mod ID: 1773480449;;;;;;
6962;wood_wall_3m_4m_blue;;Painted Base Parts and NEW 6mx4m Gatehouse Doors!;Mnewrath;;;;;
;;;Mod ID: 1773480449;;;;;;
6963;wood_wall_3m_4m_black;;Painted Base Parts and NEW 6mx4m Gatehouse Doors!;Mnewrath;;;;;
;;;Mod ID: 1773480449;;;;;;
6964;wood_gate_lockable_yellow_6m_4m;6 meter high by 4 meter long Yellow wooden gatehouse door;Painted Base Parts and NEW 6mx4m Gatehouse Doors!;Mnewrath;;;;;
;;;Mod ID: 1773480449;;;;;;
6965;wood_gate_lockable_yellow_3m_4m;3 meter high by 4 meter long Yellow wooden gatehouse door;Painted Base Parts and NEW 6mx4m Gatehouse Doors!;Mnewrath;;;;;
;;;Mod ID: 1773480449;;;;;;
6966;wood_gate_lockable_white_6m_4m;6 meter high by 4 meter long White wooden gatehouse door;Painted Base Parts and NEW 6mx4m Gatehouse Doors!;Mnewrath;;;;;
;;;Mod ID: 1773480449;;;;;;
6967;wood_gate_lockable_white_3m_4m;3 meter high by 4 meter long White wooden gatehouse door;Painted Base Parts and NEW 6mx4m Gatehouse Doors!;Mnewrath;;;;;
;;;Mod ID: 1773480449;;;;;;
6968;wood_gate_lockable_red_6m_4m;6 meter high by 4 meter long Red wooden gatehouse door;Painted Base Parts and NEW 6mx4m Gatehouse Doors!;Mnewrath;;;;;
;;;Mod ID: 1773480449;;;;;;
6969;wood_gate_lockable_red_3m_4m;3 meter high by 4 meter long Red wooden gatehouse door;Painted Base Parts and NEW 6mx4m Gatehouse Doors!;Mnewrath;;;;;
;;;Mod ID: 1773480449;;;;;;
6970;wood_gate_lockable_purple_6m_4m;6 meter high by 4 meter long Purple wooden gatehouse door;Painted Base Parts and NEW 6mx4m Gatehouse Doors!;Mnewrath;;;;;
;;;Mod ID: 1773480449;;;;;;
6971;wood_gate_lockable_purple_3m_4m;3 meter high by 4 meter long Purple wooden gatehouse door;Painted Base Parts and NEW 6mx4m Gatehouse Doors!;Mnewrath;;;;;
;;;Mod ID: 1773480449;;;;;;
6972;wood_gate_lockable_pink_6m_4m;6 meter high by 4 meter long Pink wooden gatehouse door;Painted Base Parts and NEW 6mx4m Gatehouse Doors!;Mnewrath;;;;;
;;;Mod ID: 1773480449;;;;;;
6973;wood_gate_lockable_pink_3m_4m;3 meter high by 4 meter long Pink wooden gatehouse door;Painted Base Parts and NEW 6mx4m Gatehouse Doors!;Mnewrath;;;;;
;;;Mod ID: 1773480449;;;;;;
6974;wood_gate_lockable_orange_6m_4m;6 meter high by 4 meter long Orange wooden gatehouse door;Painted Base Parts and NEW 6mx4m Gatehouse Doors!;Mnewrath;;;;;
;;;Mod ID: 1773480449;;;;;;
6975;wood_gate_lockable_orange_3m_4m;3 meter high by 4 meter long Orange wooden gatehouse door;Painted Base Parts and NEW 6mx4m Gatehouse Doors!;Mnewrath;;;;;
;;;Mod ID: 1773480449;;;;;;
6976;wood_gate_lockable_green_6m_4m;6 meter high by 4 meter long Green wooden gatehouse door;Painted Base Parts and NEW 6mx4m Gatehouse Doors!;Mnewrath;;;;;
;;;Mod ID: 1773480449;;;;;;
6977;wood_gate_lockable_green_3m_4m;3 meter high by 4 meter long Green wooden gatehouse door;Painted Base Parts and NEW 6mx4m Gatehouse Doors!;Mnewrath;;;;;
;;;Mod ID: 1773480449;;;;;;
6978;wood_gate_lockable_blue_6m_4m;6 meter high by 4 meter long Blue wooden gatehouse door;Painted Base Parts and NEW 6mx4m Gatehouse Doors!;Mnewrath;;;;;
;;;Mod ID: 1773480449;;;;;;
6979;wood_gate_lockable_blue_3m_4m;3 meter high by 4 meter long Blue wooden gatehouse door;Painted Base Parts and NEW 6mx4m Gatehouse Doors!;Mnewrath;;;;;
;;;Mod ID: 1773480449;;;;;;
6980;wood_gate_lockable_black_6m_4m;6 meter high by 4 meter long Black wooden gatehouse door;Painted Base Parts and NEW 6mx4m Gatehouse Doors!;Mnewrath;;;;;
;;;Mod ID: 1773480449;;;;;;
6981;wood_gate_lockable_black_3m_4m;3 meter high by 4 meter long Black wooden gatehouse door;Painted Base Parts and NEW 6mx4m Gatehouse Doors!;Mnewrath;;;;;
;;;Mod ID: 1773480449;;;;;;
6982;wood_gate_lockable_6m_4m;6 meter high by 4 meter long wooden gatehouse door;Painted Base Parts and NEW 6mx4m Gatehouse Doors!;Mnewrath;;;;;
;;;Mod ID: 1773480449;;;;;;
6983-6999;Reserved for Mnewrath;;;;;;;;
7000-7099;Reserved for TheeMan;;;;;;;;
7100-7149;Reserved for Void_Time_Gaming;In Progress;1956559622;Discord;;;;;
;;;;Void_Time_Gaming#6590;;;;;
7150-7199;Reserved for Void_Time_Gaming;InProgress;1959887877;Discord;;;;;
;;;;Void_Time_Gaming#6590;;;;;
7190;Boose Stll;Brewers Mod;1959887877;Void_Time_Gaming;;;;;
7191;Fermentation Barrel;Brewers Mod;1959887877;Void_Time_Gaming;;;;;
7200-7220;Reserved for LArtDesChOiX;InProgress;;;;;;;
7221-7249;OPEN;;;;;;;;
7250-7299;Reserved for Theros;In Progress;;discord: Theros#0001;;;;;
7300-7399;Reserved for WhiskySlut;Whiskys Decor Mod;;WhiskySlut;;;;;
;;;;"discord:""Whisky Slut#7459""";;;;;
7400-7628;Reserved for JuanTapio;concrete crafting and single baseparts (safe etc);large safe+door 1877556979 Concrete 1877521500;JuanTapio;;;;;
;;;;discord.gg/Bw78t3W;;;;;
7629-7632;Reserved for JackJohns0n;Arcade Cabinets;;JackJonhs0n Discord Link https://discord.gg/5fsjyND;;;;;
7629;arcade_cabinet_miscreated;A Miscreated Arcade Cabinet;Arcade Cabinets;JackJonhs0n Discord;;;;;
;;;Mod ID: 1769022175;;;;;;
7630;arcade_cabinet_mrspacman;A Mrs.Pacman Arcade Cabinet;Arcade Cabinets;JackJonhs0n Discord;;;;;
;;;Mod ID: 1769022175;;;;;;
7631;arcade_cabinet_simpsons;A Simpsons Arcade Cabinet;Arcade Cabinets;JackJonhs0n Discord;;;;;
;;;Mod ID: 1769022175;;;;;;
7632;arcade_cabinet_twitch;A Twitch Arcade Cabinet;Arcade Cabinets;JackJonhs0n Discord;;;;;
;;;Mod ID: 1769022175;;;;;;
7633;Reserved for cuartas;;;;;;;;
7634;SCAAMAmalgamatedTerminal_packed;A terminal device to manage various things in your base;Amalgamated;;;;;;
;;;Terminal;;;;;;
;;;Mod ID: 2444612166;;;;;;
7635;SCAAMCCTVCamera;A placeable surveillance camera;Amalgamated;;;;;;
;;;Terminal;;;;;;
;;;Mod ID: 2444612166;;;;;;
7636-7649;Reserved for cuartas;Future sticky notes mod;;;;;;;
7650-7699;Reserved for Mrx;TwinScythe Community Mod;;;;;;;
7700-7749;Reserved For Piti;;;;;;;;
7730-7749;Reserved for StefDu60 - ask PitiViers ^;;;;;;;;
7750-7799;Reserved For JuanTapio;;;;;;;;
7800-7899;Reserved For SimonFromSpace;;;;;;;;
7900-7999;Reserved For WhozTrippin;;;;;;;;
8000;footlocker_iron_sons_crate;Special Military Crate;Towable Storage;Nevo;;;;;
;;;Mod ID: 1828413412;;;;;;
8001;fridge_appliance_a;Fridge Appliance;Towable Storage;Nevo;;;;;
;;;Mod ID: 1828413412;;;;;;
8002;fridge_appliance_b;Fridge Appliance;Towable Storage;Nevo;;;;;
;;;Mod ID: 1828413412;;;;;;
8003;fridge_appliance_modern_closed;Fridge Appliance;Towable Storage;Nevo;;;;;
;;;Mod ID: 1828413412;;;;;;
8004;fridge_appliance_modern_2_closed;Fridge Appliance;Towable Storage;Nevo;;;;;
;;;Mod ID: 1828413412;;;;;;
8005;airdrop_crate_package;AC Property Supply Crate;Towable Storage;Nevo;;;;;
;;;Mod ID: 1828413412;;;;;;
8006;footlocker_whole;Locker;Towable Storage;Nevo;;;;;
;;;Mod ID: 1828413412;;;;;;
8007-8030;Reserved For Nevo;;;;;;;;
8031-8087;Reserved For PorkchopSandwiches;;;;;;;;
8081;rock_wall_window_3m_4m_beamless;Rock 3m x 4m Window Wall - No Cross Beams;Base Building Expansion-Craftable Base Building Parts;PorkchopSandwiches (Discord Link);;;;;
;;;Mod ID: 1699198355;;;;;;
8082;rock_wall_window_3m_2m_beamless;Rock 3m x 2m Window Wall - No Cross Beams;Base Building Expansion-Craftable Base Building Parts;PorkchopSandwiches (Discord Link);;;;;
;;;Mod ID: 1699198355;;;;;;
8083;rock_wall_4m_4m_beamless;Rock 4m x 4m Wall - No Cross Beams;Base Building Expansion-Craftable Base Building Parts;PorkchopSandwiches (Discord Link);;;;;
;;;Mod ID: 1699198355;;;;;;
8084;rock_wall_4m_2m_beamless;Rock 4m x 2m Wall - No Cross Beams;Base Building Expansion-Craftable Base Building Parts;PorkchopSandwiches (Discord Link);;;;;
;;;Mod ID: 1699198355;;;;;;
8085;rock_wall_3m_4m_beamless;Rock 3m x 4m Wall - No Cross Beams;Base Building Expansion-Craftable Base Building Parts;PorkchopSandwiches (Discord Link);;;;;
;;;Mod ID: 1699198355;;;;;;
8086;rock_wall_3m_2m_beamless;Rock 3m x 2m Wall - No Cross Beams;Base Building Expansion-Craftable Base Building Parts;PorkchopSandwiches (Discord Link);;;;;
;;;Mod ID: 1699198355;;;;;;
8087;rock_doorway_3m_4m_beamless;Rock 3m x 4m Doorway - No Cross Beams;Base Building Expansion-Craftable Base Building Parts;PorkchopSandwiches (Discord Link);;;;;
;;;Mod ID: 1699198355;;;;;;
8088;rock_wall_window_3m_4m;Rock 3m x 4m Window Wall;Base Building Expansion-Craftable Base Building Parts;PorkchopSandwiches (Discord Link);;;;;
;;;Mod ID: 1699198355;;;;;;
8089;rock_wall_window_3m_2m;Rock 3m x 2m Window Wall;Base Building Expansion-Craftable Base Building Parts;PorkchopSandwiches (Discord Link);;;;;
;;;Mod ID: 1699198355;;;;;;
8090;rock_wall_4m_4m;Rock 4m x 4m Wall;Base Building Expansion-Craftable Base Building Parts;PorkchopSandwiches (Discord Link);;;;;
;;;Mod ID: 1699198355;;;;;;
8091;rock_wall_4m_2m;Rock 4m x 2m Wall;Base Building Expansion-Craftable Base Building Parts;PorkchopSandwiches (Discord Link);;;;;
;;;Mod ID: 1699198355;;;;;;
8092;rock_wall_3m_4m;Rock 3m x 4m Wall;Base Building Expansion-Craftable Base Building Parts;PorkchopSandwiches (Discord Link);;;;;
;;;Mod ID: 1699198355;;;;;;
8093;rock_wall_3m_2m;Rock 3m x 2m Wall;Base Building Expansion-Craftable Base Building Parts;PorkchopSandwiches (Discord Link);;;;;
;;;Mod ID: 1699198355;;;;;;
8094;rock_doorway_3m_4m;Rock 3m x 4m Doorway;Base Building Expansion-Craftable Base Building Parts;PorkchopSandwiches (Discord Link);;;;;
;;;Mod ID: 1699198355;;;;;;
8095;metal_gate_lockable_6m_5_4m;A 6m high x 5.4m long lockable metal gate;Base Building Expansion-Craftable Base Building Parts;PorkchopSandwiches (Discord Link);;;;;
;;;Mod ID: 1699198355;;;;;;
8096;metal_gatehouse_8m_8m;A 8m high x 8m long metal gatehouse;Base Building Expansion-Craftable Base Building Parts;PorkchopSandwiches (Discord Link);;;;;
;;;Mod ID: 1699198355;;;;;;
8097;wood_gatehouse_double;A 6m high x 8m long wooden gatehouse;Base Building Expansion-Craftable Base Building Parts;PorkchopSandwiches (Discord Link);;;;;
;;;Mod ID: 1699198355;;;;;;
8098;wood_gate_lockable_6m_4m;A 6m high x 4m long lockable wooden gate;Base Building Expansion-Craftable Base Building Parts;PorkchopSandwiches (Discord Link);;;;;
;;;Mod ID: 1699198355;;;;;;
8099;interior_plant_e_large;A Large Interior Plant;Landscaping - Craftable Basebuilding Parts;PorkchopSandwiches (Discord Link);;;;;
;;;Mod ID: 1673502088;;;;;;
8100;interior_plant_d_large;A Large Interior Plant;Landscaping - Craftable Basebuilding Parts;PorkchopSandwiches (Discord Link);;;;;
;;;Mod ID: 1673502088;;;;;;
8101;interior_plant_c_small;A Small Interior Plant;Landscaping - Craftable Basebuilding Parts;PorkchopSandwiches (Discord Link);;;;;
;;;Mod ID: 1673502088;;;;;;
8102;interior_plant_c_large;A Large Interior Plant;Landscaping - Craftable Basebuilding Parts;PorkchopSandwiches (Discord Link);;;;;
;;;Mod ID: 1673502088;;;;;;
8103;interior_plant_b_medium;A Medium Interior Plant;Landscaping - Craftable Basebuilding Parts;PorkchopSandwiches (Discord Link);;;;;
;;;Mod ID: 1673502088;;;;;;
8104;interior_plant_b_large;A Large Interior Plant;Landscaping - Craftable Basebuilding Parts;PorkchopSandwiches (Discord Link);;;;;
;;;Mod ID: 1673502088;;;;;;
8105;interior_plant_a_medium;A Medium Interior Plant;Landscaping - Craftable Basebuilding Parts;PorkchopSandwiches (Discord Link);;;;;
;;;Mod ID: 1673502088;;;;;;
8106;interior_plant_a_large;A Large Interior Plant;Landscaping - Craftable Basebuilding Parts;PorkchopSandwiches (Discord Link);;;;;
;;;Mod ID: 1673502088;;;;;;
8107;porkchop_bird_bath;A Water Collecting Bird Bath;Landscaping - Craftable Basebuilding Parts;PorkchopSandwiches (Discord Link);;;;;
;;;Mod ID: 1673502088;;;;;;
8108;porkchop_folding_table_large;A Folding Table;Base Building Expansion-Craftable Base Building Parts;PorkchopSandwiches (Discord Link);;;;;
;;;Mod ID: 1699198355;;;;;;
8109;porkchop_coffeetable;A Coffee Table;Base Building Expansion-Craftable Base Building Parts;PorkchopSandwiches (Discord Link);;;;;
;;;Mod ID: 1699198355;;;;;;
8110;porkchop_couch_bunker;The Bunker Couch;Base Building Expansion-Craftable Base Building Parts;PorkchopSandwiches (Discord Link);;;;;
;;;Mod ID: 1699198355;;;;;;
8111;porkchop_couch;A Couch;Base Building Expansion-Craftable Base Building Parts;PorkchopSandwiches (Discord Link);;;;;
;;;Mod ID: 1699198355;;;;;;
8112;porkchop_chair;A Dining Chair;Base Building Expansion-Craftable Base Building Parts;PorkchopSandwiches (Discord Link);;;;;
;;;Mod ID: 1699198355;;;;;;
8113;porkchop_chest_of_drawers_old_crate_packed;A Chest of Drawers;Base Building Expansion-Craftable Base Building Parts;PorkchopSandwiches (Discord Link);;;;;
;;;Mod ID: 1699198355;;;;;;
8114;porkchop_classic_chair_old;A Dining Chair Classic;Base Building Expansion-Craftable Base Building Parts;PorkchopSandwiches (Discord Link);;;;;
;;;Mod ID: 1699198355;;;;;;
8115;porkchop_classic_table_old;A Dining Table Classic;Base Building Expansion-Craftable Base Building Parts;PorkchopSandwiches (Discord Link);;;;;
;;;Mod ID: 1699198355;;;;;;
8116;porkchop_elegant_chair_2_old;A White Leather Chair;Base Building Expansion-Craftable Base Building Parts;PorkchopSandwiches (Discord Link);;;;;
;;;Mod ID: 1699198355;;;;;;
8117;porkchop_elegant_chair_2_ottoman_old;A White Leather Ottoman;Base Building Expansion-Craftable Base Building Parts;PorkchopSandwiches (Discord Link);;;;;
;;;Mod ID: 1699198355;;;;;;
8118;porkchop_elegant_chair_old;A Black Leather Chair;Base Building Expansion-Craftable Base Building Parts;PorkchopSandwiches (Discord Link);;;;;
;;;Mod ID: 1699198355;;;;;;
8119;porkchop_elegant_chair_ottoman_old;A Black Leather Ottoman;Base Building Expansion-Craftable Base Building Parts;PorkchopSandwiches (Discord Link);;;;;
;;;Mod ID: 1699198355;;;;;;
8120;porkchop_leather_armchair_old;A Leather Armchair;Base Building Expansion-Craftable Base Building Parts;PorkchopSandwiches (Discord Link);;;;;
;;;Mod ID: 1699198355;;;;;;
8121;porkchop_leather_chair_old;A Leather Chair;Base Building Expansion-Craftable Base Building Parts;PorkchopSandwiches (Discord Link);;;;;
;;;Mod ID: 1699198355;;;;;;
8122;porkchop_leather_sofa_2_old;A Leather Loveseat;Base Building Expansion-Craftable Base Building Parts;PorkchopSandwiches (Discord Link);;;;;
;;;Mod ID: 1699198355;;;;;;
8123;porkchop_leather_sofa_old;A Leather Sofa;Base Building Expansion-Craftable Base Building Parts;PorkchopSandwiches (Discord Link);;;;;
;;;Mod ID: 1699198355;;;;;;
8124;porkchop_modern_armchair_old;A Modern Armchair;Base Building Expansion-Craftable Base Building Parts;PorkchopSandwiches (Discord Link);;;;;
;;;Mod ID: 1699198355;;;;;;
8125;porkchop_modern_sofa_old;A Modern Sofa;Base Building Expansion-Craftable Base Building Parts;PorkchopSandwiches (Discord Link);;;;;
;;;Mod ID: 1699198355;;;;;;
8126;porkchop_office_leather_chair_old;An Office Leather Chair;Base Building Expansion-Craftable Base Building Parts;PorkchopSandwiches (Discord Link);;;;;
;;;Mod ID: 1699198355;;;;;;
8127;porkchop_round_table_old;A Round Table;Base Building Expansion-Craftable Base Building Parts;PorkchopSandwiches (Discord Link);;;;;
;;;Mod ID: 1699198355;;;;;;
8128;porkchop_smallcouch;A Small Leather Couch;Base Building Expansion-Craftable Base Building Parts;PorkchopSandwiches (Discord Link);;;;;
;;;Mod ID: 1699198355;;;;;;
8129;porkchop_wood_table_a;A Wood Table;Base Building Expansion-Craftable Base Building Parts;PorkchopSandwiches (Discord Link);;;;;
;;;Mod ID: 1699198355;;;;;;
8130;porkchop_guestchair;A 70sChair;Base Building Expansion-Craftable Base Building Parts;PorkchopSandwiches (Discord Link);;;;;
;;;Mod ID: 1699198355;;;;;;
8131;porkchop_armchair;A Red Leather Armchair;Base Building Expansion-Craftable Base Building Parts;PorkchopSandwiches (Discord Link);;;;;
;;;Mod ID: 1699198355;;;;;;
8132;porkchop_table_2;A Wood Table;Base Building Expansion-Craftable Base Building Parts;PorkchopSandwiches (Discord Link);;;;;
;;;Mod ID: 1699198355;;;;;;
8133;camping_lantern_purple;Camping Lantern that shines with purple light;Base Building Expansion-Craftable Base Building Parts;PorkchopSandwiches (Discord Link);;;;;
;;;Mod ID: 1699198355;;;;;;
8134;camping_lantern_orange;Camping Lantern that shines with orange light;Base Building Expansion-Craftable Base Building Parts;PorkchopSandwiches (Discord Link);;;;;
;;;Mod ID: 1699198355;;;;;;
8135;camping_lantern_pink;Camping Lantern that shines with pink light;Base Building Expansion-Craftable Base Building Parts;PorkchopSandwiches (Discord Link);;;;;
;;;Mod ID: 1699198355;;;;;;
8136;camping_lantern_yellow;Camping Lantern that shines with yellow light;Base Building Expansion-Craftable Base Building Parts;PorkchopSandwiches (Discord Link);;;;;
;;;Mod ID: 1699198355;;;;;;
8137;camping_lantern_aqua;Camping Lantern that shines with aqua light;Base Building Expansion-Craftable Base Building Parts;PorkchopSandwiches (Discord Link);;;;;
;;;Mod ID: 1699198355;;;;;;
8138;camping_lantern_green;Camping Lantern that shines with green light;Base Building Expansion-Craftable Base Building Parts;PorkchopSandwiches (Discord Link);;;;;
;;;Mod ID: 1699198355;;;;;;
8139;camping_lantern_blue;Camping Lantern that shines with blue light;Base Building Expansion-Craftable Base Building Parts;PorkchopSandwiches (Discord Link);;;;;
;;;Mod ID: 1699198355;;;;;;
8140;camping_lantern_red;Camping Lantern that shines with red light;Base Building Expansion-Craftable Base Building Parts;PorkchopSandwiches (Discord Link);;;;;
;;;Mod ID: 1699198355;;;;;;
8141;wood_walkway_3m_4m_8m;Wood 3m high x 4m wide x 8m long platform;Base Building Expansion-Craftable Base Building Parts;PorkchopSandwiches (Discord Link);;;;;
;;;Mod ID: 1699198355;;;;;;
8142;wood_walkway_3m_4m_12m;Wood 3m high x 4m wide x 12m long platform;Base Building Expansion-Craftable Base Building Parts;PorkchopSandwiches (Discord Link);;;;;
;;;Mod ID: 1699198355;;;;;;
8143;wood_walkway_3m_4m_16m;Wood 3m high x 4m wide x 16m long platform;Base Building Expansion-Craftable Base Building Parts;PorkchopSandwiches (Discord Link);;;;;
;;;Mod ID: 1699198355;;;;;;
8144;wood_walkway_3m_8m_8m;Wood 3m high x 8m wide x 8m long platform;Base Building Expansion-Craftable Base Building Parts;PorkchopSandwiches (Discord Link);;;;;
;;;Mod ID: 1699198355;;;;;;
8145;wood_walkway_3m_8m_12m;Wood 3m high x 8m wide x 12m long platform;Base Building Expansion-Craftable Base Building Parts;PorkchopSandwiches (Discord Link);;;;;
;;;Mod ID: 1699198355;;;;;;
8146;wood_walkway_3m_8m_16m;Wood 3m high x 8m wide x 16m long platform;Base Building Expansion-Craftable Base Building Parts;PorkchopSandwiches (Discord Link);;;;;
;;;Mod ID: 1699198355;;;;;;
8147;wood_walkway_3m_12m_12m;Wood 3m high x 12m wide x 12m long platform;Base Building Expansion-Craftable Base Building Parts;PorkchopSandwiches (Discord Link);;;;;
;;;Mod ID: 1699198355;;;;;;
8148;wood_walkway_3m_16m_16m;Wood 3m high x 16m wide x 16m long platform;Base Building Expansion-Craftable Base Building Parts;PorkchopSandwiches (Discord Link);;;;;
;;;Mod ID: 1699198355;;;;;;
8149;wood_walkway_door_curved_3m_4m;Wood 3m high x 4m wide x 4m long curved door platform;Base Building Expansion-Craftable Base Building Parts;PorkchopSandwiches (Discord Link);;;;;
;;;Mod ID: 1699198355;;;;;;
8150;wood_walkway_window_curved_3m_4m;Wood 3m high x 4m wide x 4m long curved window platform;Base Building Expansion-Craftable Base Building Parts;PorkchopSandwiches (Discord Link);;;;;
;;;Mod ID: 1699198355;;;;;;
8151;wood_walkway_wall_curved_3m_4m;Wood 3m high x 4m wide x 4m long curved wall platform;Base Building Expansion-Craftable Base Building Parts;PorkchopSandwiches (Discord Link);;;;;
;;;Mod ID: 1699198355;;;;;;
8152;wood_wall_3m_4m_90;Wood 0m high x 12m wide x 12m long platform;Base Building Expansion-Craftable Base Building Parts;PorkchopSandwiches (Discord Link);;;;;
;;;Mod ID: 1699198355;;;;;;
8153;wood_walkway_0m_4m_8m;Wood 0m high x 16m wide x 16m long platform;Base Building Expansion-Craftable Base Building Parts;PorkchopSandwiches (Discord Link);;;;;
;;;Mod ID: 1699198355;;;;;;
8154;wood_walkway_0m_4m_12m;Wood 0m high x 4m wide x 12m long platform;Base Building Expansion-Craftable Base Building Parts;PorkchopSandwiches (Discord Link);;;;;
;;;Mod ID: 1699198355;;;;;;
8155;wood_walkway_0m_4m_16m;Wood 0m high x 4m wide x 16m long platform;Base Building Expansion-Craftable Base Building Parts;PorkchopSandwiches (Discord Link);;;;;
;;;Mod ID: 1699198355;;;;;;
8156;wood_walkway_0m_8m_8m;Wood 0m high x 4m wide x 8m long platform;Base Building Expansion-Craftable Base Building Parts;PorkchopSandwiches (Discord Link);;;;;
;;;Mod ID: 1699198355;;;;;;
8157;wood_walkway_0m_8m_12m;Wood 0m high x 8m wide x 12m long platform;Base Building Expansion-Craftable Base Building Parts;PorkchopSandwiches (Discord Link);;;;;
;;;Mod ID: 1699198355;;;;;;
8158;wood_walkway_0m_8m_16m;Wood 0m high x 8m wide x 16m long platform;Base Building Expansion-Craftable Base Building Parts;PorkchopSandwiches (Discord Link);;;;;
;;;Mod ID: 1699198355;;;;;;
8159;wood_walkway_0m_12m_12m;Wood 0m high x 8m wide x 8m long platform;Base Building Expansion-Craftable Base Building Parts;PorkchopSandwiches (Discord Link);;;;;
;;;Mod ID: 1699198355;;;;;;
8160;wood_walkway_0m_16m_16m;Wood 1.3m high x 12m wide x 12m long platform;Base Building Expansion-Craftable Base Building Parts;PorkchopSandwiches (Discord Link);;;;;
;;;Mod ID: 1699198355;;;;;;
8161;wood_walkway_1_3m_4m_8m;Wood 1.3m high x 16m wide x 16m long platform;Base Building Expansion-Craftable Base Building Parts;PorkchopSandwiches (Discord Link);;;;;
;;;Mod ID: 1699198355;;;;;;
8162;wood_walkway_1_3m_4m_12m;Wood 1.3m high x 4m wide x 12m long platform;Base Building Expansion-Craftable Base Building Parts;PorkchopSandwiches (Discord Link);;;;;
;;;Mod ID: 1699198355;;;;;;
8163;wood_walkway_1_3m_4m_16m;Wood 1.3m high x 4m wide x 16m long platform;Base Building Expansion-Craftable Base Building Parts;PorkchopSandwiches (Discord Link);;;;;
;;;Mod ID: 1699198355;;;;;;
8164;wood_walkway_1_3m_8m_8m;Wood 1.3m high x 4m wide x 8m long platform;Base Building Expansion-Craftable Base Building Parts;PorkchopSandwiches (Discord Link);;;;;
;;;Mod ID: 1699198355;;;;;;
8165;wood_walkway_1_3m_8m_12m;Wood 1.3m high x 8m wide x 12m long platform;Base Building Expansion-Craftable Base Building Parts;PorkchopSandwiches (Discord Link);;;;;
;;;Mod ID: 1699198355;;;;;;
8166;wood_walkway_1_3m_8m_16m;Wood 1.3m high x 8m wide x 16m long platform;Base Building Expansion-Craftable Base Building Parts;PorkchopSandwiches (Discord Link);;;;;
;;;Mod ID: 1699198355;;;;;;
8167;wood_walkway_1_3m_12m_12m;Wood 1.3m high x 8m wide x 8m long platform;Base Building Expansion-Craftable Base Building Parts;PorkchopSandwiches (Discord Link);;;;;
;;;Mod ID: 1699198355;;;;;;
8168;wood_walkway_1_3m_16m_16m;Wood 3m high x 12m long wall;Base Building Expansion-Craftable Base Building Parts;PorkchopSandwiches (Discord Link);;;;;
;;;Mod ID: 1699198355;;;;;;
8169;wood_wall_3m_8m;Wood 3m high x 16m long wall;Base Building Expansion-Craftable Base Building Parts;PorkchopSandwiches (Discord Link);;;;;
;;;Mod ID: 1699198355;;;;;;
8170;wood_wall_3m_12m;Wood 3m high x 4m long wall corner wall;Base Building Expansion-Craftable Base Building Parts;PorkchopSandwiches (Discord Link);;;;;
;;;Mod ID: 1699198355;;;;;;
8171;wood_wall_3m_16m;Wood 3m high x 8m long wall;Base Building Expansion-Craftable Base Building Parts;PorkchopSandwiches (Discord Link);;;;;
;;;Mod ID: 1699198355;;;;;;
8172;wood_roof_12m_12m;Wood 12m wide x 12m long roof;Base Building Expansion-Craftable Base Building Parts;PorkchopSandwiches (Discord Link);;;;;
;;;Mod ID: 1699198355;;;;;;
8173;bux_hedge_ball_big;Large Hedge Ball;Landscaping - Craftable Basebuilding Parts;PorkchopSandwiches (Discord Link);;;;;
;;;Mod ID: 1673502088;;;;;;
8174;bux_hedge_ball_small;Small Hedge Ball;Landscaping - Craftable Basebuilding Parts;PorkchopSandwiches (Discord Link);;;;;
;;;Mod ID: 1673502088;;;;;;
8175;bux_hedge_box_high;High Box Hedge;Landscaping - Craftable Basebuilding Parts;PorkchopSandwiches (Discord Link);;;;;
;;;Mod ID: 1673502088;;;;;;
8176;bux_hedge_box_long_high;Long and High Box Hedge;Landscaping - Craftable Basebuilding Parts;PorkchopSandwiches (Discord Link);;;;;
;;;Mod ID: 1673502088;;;;;;
8177;bux_hedge_box_long_high_bend;Long and High Curved Box Hedge;Landscaping - Craftable Basebuilding Parts;PorkchopSandwiches (Discord Link);;;;;
;;;Mod ID: 1673502088;;;;;;
8178;bux_hedge_box_long_low;Long and Low Box Hedge;Landscaping - Craftable Basebuilding Parts;PorkchopSandwiches (Discord Link);;;;;
;;;Mod ID: 1673502088;;;;;;
8179;bux_hedge_box_long_low_bend;Long and Low Curved Box Hedge;Landscaping - Craftable Basebuilding Parts;PorkchopSandwiches (Discord Link);;;;;
;;;Mod ID: 1673502088;;;;;;
8180;bux_hedge_box_low;Low Box Hedge;Landscaping - Craftable Basebuilding Parts;PorkchopSandwiches (Discord Link);;;;;
;;;Mod ID: 1673502088;;;;;;
8181;bux_hedge_cylinder_high;High Cylinder Hedge;Landscaping - Craftable Basebuilding Parts;PorkchopSandwiches (Discord Link);;;;;
;;;Mod ID: 1673502088;;;;;;
8182;bux_hedge_cylinder_low;Low Cylinder Hedge;Landscaping - Craftable Basebuilding Parts;PorkchopSandwiches (Discord Link);;;;;
;;;Mod ID: 1673502088;;;;;;
8183;cypress_big_a;A very tall Cypress tree, version A;Landscaping - Craftable Basebuilding Parts;PorkchopSandwiches (Discord Link);;;;;
;;;Mod ID: 1673502088;;;;;;
8184;cypress_big_b;A very tall Cypress tree, version B;Landscaping - Craftable Basebuilding Parts;PorkchopSandwiches (Discord Link);;;;;
;;;Mod ID: 1673502088;;;;;;
8185;cypress_medium_a;A medium height Cypress tree, version A;Landscaping - Craftable Basebuilding Parts;PorkchopSandwiches (Discord Link);;;;;
;;;Mod ID: 1673502088;;;;;;
8186;cypress_medium_b;A medium height Cypress tree, version B;Landscaping - Craftable Basebuilding Parts;PorkchopSandwiches (Discord Link);;;;;
;;;Mod ID: 1673502088;;;;;;
8187;cypress_xl_a;An extremely tall Cypress tree;Landscaping - Craftable Basebuilding Parts;PorkchopSandwiches (Discord Link);;;;;
;;;Mod ID: 1673502088;;;;;;
8188;apple_tree_1;Apple Tree Version 1;Landscaping - Craftable Basebuilding Parts;PorkchopSandwiches (Discord Link);;;;;
;;;Mod ID: 1673502088;;;;;;
8189;apple_tree_2;Apple Tree Version 2;Landscaping - Craftable Basebuilding Parts;PorkchopSandwiches (Discord Link);;;;;
;;;Mod ID: 1673502088;;;;;;
8190;apple_tree_3;Apple Tree Version 3;Landscaping - Craftable Basebuilding Parts;PorkchopSandwiches (Discord Link);;;;;
;;;Mod ID: 1673502088;;;;;;
8191;dws_celldoor_lockable;An approximately 1m wide x 2m high lockable cell door;Landscaping - Craftable Basebuilding Parts;PorkchopSandwiches (Discord Link);;;;;
;;;Mod ID: 1673502088;;;;;;